date,pe
2010-10-01,-0.4874418604651163
2010-10-04,-0.8097674418604651
2010-10-05,0.045581395348837206
2010-10-06,0.06651162790697675
2010-10-07,0.29813953488372097
2010-10-08,0.47186046511627905
2010-10-11,0.5788372093023256
2010-10-12,0.8430232558139534
2010-10-13,0.9758139534883721
2010-10-14,1.156046511627907
2010-10-15,2.188604651162791
2010-10-18,2.4593023255813957
2010-10-19,1.752558139534884
2010-10-20,1.8388372093023255
2010-10-21,1.7548837209302326
2010-10-22,1.5846511627906976
2010-10-25,1.6986046511627908
2010-10-26,1.6327906976744184
2010-10-27,1.6146511627906979
2010-10-28,1.3995348837209303
2010-10-29,1.0455813953488373
2010-11-01,1.3113953488372092
2010-11-02,1.7416279069767442
2010-11-03,2.0274418604651165
2010-11-04,2.481627906976744
2010-11-05,2.3869767441860463
2010-11-08,2.5106976744186045
2010-11-09,2.2997674418604652
2010-11-10,2.461860465116279
2010-11-11,2.347209302325582
2010-11-12,1.6311627906976744
2010-11-15,1.5490697674418605
2010-11-16,1.0962790697674418
2010-11-17,1.005813953488372
2010-11-18,1.6644186046511629
2010-11-19,1.5232558139534884
2010-11-22,2.073953488372093
2010-11-23,1.6893023255813955
2010-11-24,2.1934883720930234
2010-11-26,2.210232558139535
2010-11-29,2.3653488372093023
2010-11-30,1.8904651162790698
2010-12-01,2.3265116279069766
2010-12-02,2.471860465116279
2010-12-03,2.412790697674419
2010-12-06,2.6379069767441865
2010-12-07,2.4227906976744187
2010-12-08,2.7093023255813953
2010-12-09,2.6055813953488376
2010-12-10,2.6718604651162794
2010-12-13,2.7641860465116284
2010-12-14,2.6495348837209303
2010-12-15,2.6553488372093024
2010-12-16,2.7293023255813953
2010-12-17,2.676046511627907
2010-12-20,2.8090697674418603
2010-12-21,2.974186046511628
2010-12-22,3.053953488372093
2010-12-23,2.924418604651163
2010-12-27,3.014186046511628
2010-12-28,3.079767441860465
2010-12-29,3.064883720930233
2010-12-30,2.9293023255813955
2010-12-31,2.838139534883721
2011-01-03,3.4202325581395345
2011-01-04,3.5630232558139534
2011-01-05,3.788139534883721
2011-01-06,3.765813953488372
2011-01-07,3.9641860465116276
2011-01-10,4.49
2011-01-11,4.422790697674419
2011-01-12,4.653720930232558
2011-01-13,4.758372093023256
2011-01-14,4.9909302325581395
2011-01-18,4.34046511627907
2011-01-19,4.190232558139535
2011-01-20,3.678604651162791
2011-01-21,3.183488372093023
2011-01-24,4.074651162790698
2011-01-25,4.402790697674418
2011-01-26,4.606279069767441
2011-01-27,4.553255813953489
2011-01-28,3.9625581395348837
2011-01-31,4.2299999999999995
2011-02-01,4.7044186046511625
2011-02-02,4.645348837209302
2011-02-03,4.572325581395349
2011-02-04,4.826511627906977
2011-02-07,5.273255813953488
2011-02-08,5.5490697674418605
2011-02-09,5.794883720930232
2011-02-10,5.4941860465116275
2011-02-11,5.686046511627906
2011-02-14,5.879534883720931
2011-02-15,5.939302325581395
2011-02-16,6.20767441860465
2011-02-17,5.806511627906977
2011-02-18,5.163720930232558
2011-02-22,4.171162790697674
2011-02-23,4.504186046511628
2011-02-24,4.525813953488372
2011-02-25,4.964186046511627
2011-02-28,5.383720930232558
2011-03-01,5.0597674418604655
2011-03-02,5.293255813953489
2011-03-03,5.9111627906976745
2011-03-04,5.9476744186046515
2011-03-07,5.562325581395349
2011-03-08,5.595581395348837
2011-03-09,5.322325581395349
2011-03-10,4.84046511627907
2011-03-11,5.282325581395349
2011-03-14,5.412790697674419
2011-03-15,4.7374418604651165
2011-03-16,3.4567441860465116
2011-03-17,3.8413953488372092
2011-03-18,3.511627906976744
2011-03-21,4.228372093023256
2011-03-22,4.3862790697674425
2011-03-23,4.2193023255813955
2011-03-24,4.699302325581396
2011-03-25,5.245116279069767
2011-03-28,5.153720930232558
2011-03-29,5.196744186046511
2011-03-30,5.003255813953489
2011-03-31,4.992558139534883
2011-04-01,4.665348837209303
2011-04-04,4.385348837209302
2011-04-05,4.194418604651163
2011-04-06,4.123720930232558
2011-04-07,4.126976744186046
2011-04-08,3.876279069767442
2011-04-11,3.5223255813953487
2011-04-12,3.6553488372093024
2011-04-13,3.965116279069768
2011-04-14,3.656976744186047
2011-04-15,3.2451162790697676
2011-04-18,3.6095348837209302
2011-04-19,4.108837209302325
2011-04-20,4.486744186046511
2011-04-21,5.174418604651163
2011-04-25,5.366279069767442
2011-04-26,5.152093023255814
2011-04-27,5.129534883720931
2011-04-28,4.847209302325581
2011-04-29,5.127906976744186
2011-05-02,4.808139534883721
2011-05-03,4.967674418604651
2011-05-04,5.0813953488372094
2011-05-05,4.847209302325581
2011-05-06,4.839767441860466
2011-05-09,4.91767441860465
2011-05-10,5.071395348837209
2011-05-11,4.886976744186047
2011-05-12,4.832325581395349
2011-05-13,4.328139534883721
2011-05-16,3.7300000000000004
2011-05-17,3.966046511627907
2011-05-18,4.275813953488372
2011-05-19,4.33046511627907
2011-05-20,3.8895348837209305
2011-05-23,3.821395348837209
2011-05-24,3.637906976744186
2011-05-25,4.01906976744186
2011-05-26,3.871162790697675
2011-05-27,4.071395348837209
2011-05-31,4.936976744186047
2011-06-01,4.744186046511628
2011-06-02,4.803255813953489
2011-06-03,4.572325581395349
2011-06-06,4.123720930232558
2011-06-07,3.625348837209302
2011-06-08,3.642093023255814
2011-06-09,3.579767441860465
2011-06-10,3.1153488372093023
2011-06-13,3.1734883720930234
2011-06-14,3.6586046511627908
2011-06-15,3.1860465116279073
2011-06-16,3.053953488372093
2011-06-17,2.646976744186047
2011-06-20,2.236744186046512
2011-06-21,3.0655813953488376
2011-06-22,2.842093023255814
2011-06-23,3.558139534883721
2011-06-24,3.152790697674418
2011-06-27,3.625348837209302
2011-06-28,3.8927906976744184
2011-06-29,3.7916279069767445
2011-06-30,3.926976744186047
2011-07-01,4.557209302325582
2011-07-05,5.069767441860465
2011-07-06,5.263255813953488
2011-07-07,5.715116279069767
2011-07-08,5.923488372093023
2011-07-11,5.449302325581395
2011-07-12,5.42860465116279
2011-07-13,5.783255813953489
2011-07-14,5.7625581395348835
2011-07-15,6.356279069767442
2011-07-18,7.093953488372093
2011-07-19,7.347209302325582
2011-07-20,8.18186046511628
2011-07-21,8.214186046511628
2011-07-22,8.713488372093023
2011-07-25,9.145348837209303
2011-07-26,9.553255813953488
2011-07-27,8.654418604651163
2011-07-28,8.59046511627907
2011-07-29,8.479302325581395
2011-08-01,9.0
2011-08-02,8.348837209302326
2011-08-03,8.652790697674419
2011-08-04,7.390465116279071
2011-08-05,7.078837209302325
2011-08-08,5.383720930232558
2011-08-09,7.11139534883721
2011-08-10,6.254186046511627
2011-08-11,7.085581395348838
2011-08-12,7.358837209302325
2011-08-15,7.892093023255814
2011-08-16,7.648604651162791
2011-08-17,7.645348837209303
2011-08-18,6.450232558139535
2011-08-19,5.6179069767441865
2011-08-22,5.652093023255814
2011-08-23,7.077209302325582
2011-08-24,7.2916279069767445
2011-08-25,7.087209302325581
2011-08-26,7.906046511627907
2011-08-29,8.436976744186046
2011-08-30,8.438604651162791
2011-08-31,8.01
2011-09-01,7.694418604651164
2011-09-02,7.114651162790698
2011-09-06,7.587209302325582
2011-09-07,7.935116279069768
2011-09-08,7.952558139534884
2011-09-09,7.39953488372093
2011-09-12,7.603720930232559
2011-09-13,7.992558139534884
2011-09-14,8.381162790697674
2011-09-15,8.685116279069767
2011-09-16,9.311395348837209
2011-09-19,10.235813953488371
2011-09-20,10.386976744186047
2011-09-21,10.27813953488372
2011-09-22,9.421162790697675
2011-09-23,9.626976744186045
2011-09-26,9.53325581395349
2011-09-27,9.208372093023256
2011-09-28,9.021627906976745
2011-09-29,8.486744186046511
2011-09-30,7.718372093023256
2011-10-03,2.199214285714286
2011-10-04,2.145642857142857
2011-10-05,2.292357142857143
2011-10-06,2.2699285714285717
2011-10-07,2.0767857142857147
2011-10-10,2.561714285714286
2011-10-11,2.8545714285714285
2011-10-12,2.9030714285714287
2011-10-13,3.0622142857142856
2011-10-14,3.4084285714285714
2011-10-17,3.3571428571428577
2011-10-18,3.414571428571429
2011-10-19,2.8120000000000003
2011-10-20,2.7275714285714288
2011-10-21,2.6652857142857145
2011-10-24,2.994357142857143
2011-10-25,2.7902857142857145
2011-10-26,2.8625000000000003
2011-10-27,2.966857142857143
2011-10-28,2.9735
2011-10-31,2.969142857142857
2011-11-01,2.7581428571428575
2011-11-02,2.7811428571428576
2011-11-03,2.9255
2011-11-04,2.854857142857143
2011-11-07,2.8402857142857143
2011-11-08,3.0061428571428572
2011-11-09,2.7267857142857146
2011-11-10,2.470142857142857
2011-11-11,2.454857142857143
2011-11-14,2.3181428571428575
2011-11-15,2.562214285714286
2011-11-16,2.4586428571428574
2011-11-17,2.2709285714285716
2011-11-18,2.2079285714285715
2011-11-21,2.056642857142857
2011-11-22,2.2479285714285715
2011-11-23,2.0050714285714286
2011-11-25,1.917857142857143
2011-11-28,2.238
2011-11-29,2.1635000000000004
2011-11-30,2.3931428571428572
2011-12-01,2.5392857142857146
2011-12-02,2.5844285714285715
2011-12-05,2.668857142857143
2011-12-06,2.6163571428571433
2011-12-07,2.568857142857143
2011-12-08,2.6089285714285717
2011-12-09,2.6844285714285716
2011-12-12,2.6390000000000002
2011-12-13,2.561714285714286
2011-12-14,2.341857142857143
2011-12-15,2.3099285714285718
2011-12-16,2.363
2011-12-19,2.393357142857143
2011-12-20,2.743857142857143
2011-12-21,2.7563571428571434
2011-12-22,2.8102142857142858
2011-12-23,2.932142857142858
2011-12-27,3.013785714285714
2011-12-28,2.9145714285714286
2011-12-29,2.9777857142857145
2011-12-30,2.974714285714286
2012-01-03,3.1336428571428576
2012-01-04,3.1900714285714287
2012-01-05,3.3071428571428574
2012-01-06,3.4186428571428573
2012-01-09,3.4015000000000004
2012-01-10,3.4400714285714287
2012-01-11,3.422428571428572
2012-01-12,3.3928571428571432
2012-01-13,3.3525714285714288
2012-01-17,3.4772857142857143
2012-01-18,3.589785714285714
2012-01-19,3.555071428571429
2012-01-20,3.365071428571429
2012-01-23,3.5461428571428573
2012-01-24,3.367857142857143
2012-01-25,4.0375000000000005
2012-01-26,3.985714285714286
2012-01-27,4.053285714285715
2012-01-30,4.1995000000000005
2012-01-31,4.288
2012-02-01,4.280642857142857
2012-02-02,4.253285714285715
2012-02-03,4.369642857142857
2012-02-06,4.479071428571428
2012-02-07,4.603071428571429
2012-02-08,4.803285714285714
2012-02-09,5.224
2012-02-10,5.230357142857143
2012-02-13,5.464571428571429
2012-02-14,5.639571428571429
2012-02-15,5.338785714285715
2012-02-16,5.454571428571429
2012-02-17,5.452285714285715
2012-02-21,5.777071428571428
2012-02-22,5.816357142857143
2012-02-23,5.816357142857143
2012-02-24,5.969928571428572
2012-02-27,6.055357142857143
2012-02-28,6.301500000000001
2012-02-29,6.480857142857143
2012-03-01,6.532642857142857
2012-03-02,6.550785714285714
2012-03-05,6.244142857142857
2012-03-06,6.170142857142857
2012-03-07,6.181142857142858
2012-03-08,6.4693571428571435
2012-03-09,6.5505
2012-03-12,6.7247142857142865
2012-03-13,7.135428571428571
2012-03-14,7.683428571428572
2012-03-15,7.580857142857144
2012-03-16,7.581642857142858
2012-03-19,7.977285714285715
2012-03-20,8.101285714285714
2012-03-21,8.013
2012-03-22,7.932428571428572
2012-03-23,7.8485000000000005
2012-03-26,8.111214285714286
2012-03-27,8.318642857142859
2012-03-28,8.398714285714286
2012-03-29,8.200785714285715
2012-03-30,7.937785714285715
2012-04-02,8.4245
2012-04-03,8.697214285714287
2012-04-04,8.569357142857143
2012-04-05,8.808428571428571
2012-04-09,8.8735
2012-04-10,8.674714285714286
2012-04-11,8.617571428571429
2012-04-12,8.530071428571429
2012-04-13,8.082642857142858
2012-04-16,7.442357142857143
2012-04-17,8.196714285714286
2012-04-18,8.162
2012-04-19,7.648500000000001
2012-04-20,7.2599285714285715
2012-04-23,7.227285714285714
2012-04-24,6.936
2012-04-25,8.204357142857143
2012-04-26,8.145642857142859
2012-04-27,8.025785714285716
2012-04-30,7.54057142857143
2012-05-01,7.4933571428571435
2012-05-02,7.591571428571429
2012-05-03,7.485428571428572
2012-05-04,7.062785714285715
2012-05-07,7.170642857142858
2012-05-08,7.1375
2012-05-09,7.163
2012-05-10,7.197214285714287
2012-05-11,7.1000000000000005
2012-05-14,6.8834285714285715
2012-05-15,6.754571428571429
2012-05-16,6.5735
2012-05-17,6.166571428571429
2012-05-18,6.173214285714286
2012-05-21,6.961500000000001
2012-05-22,6.851500000000001
2012-05-23,7.198214285714287
2012-05-24,7.064571428571429
2012-05-25,6.987214285714286
2012-05-29,7.241857142857143
2012-05-30,7.417857142857144
2012-05-31,7.381142857142858
2012-06-01,6.954071428571429
2012-06-04,7.038285714285715
2012-06-05,7.001
2012-06-06,7.2211428571428575
2012-06-07,7.227785714285715
2012-06-08,7.447214285714286
2012-06-11,7.213785714285715
2012-06-12,7.341071428571429
2012-06-13,7.239000000000001
2012-06-14,7.222928571428572
2012-06-15,7.289285714285715
2012-06-18,7.586500000000001
2012-06-19,7.628071428571428
2012-06-20,7.585428571428572
2012-06-21,7.379571428571429
2012-06-22,7.492571428571429
2012-06-25,7.203285714285715
2012-06-26,7.235428571428572
2012-06-27,7.2987142857142855
2012-06-28,7.159714285714286
2012-07-02,7.758428571428572
2012-07-03,7.934214285714287
2012-07-05,8.202785714285715
2012-07-06,8.099214285714286
2012-07-09,8.303571428571429
2012-07-10,8.158642857142858
2012-07-11,8.062214285714287
2012-07-12,7.921142857142859
2012-07-13,8.076
2012-07-16,8.1255
2012-07-17,8.126285714285714
2012-07-18,8.10892857142857
2012-07-19,8.314571428571428
2012-07-20,8.058928571428572
2012-07-23,8.046928571428573
2012-07-24,7.972714285714286
2012-07-25,7.310714285714286
2012-07-26,7.308428571428572
2012-07-27,7.570642857142858
2012-07-30,7.8224285714285715
2012-07-31,8.223714285714285
2012-08-01,8.122928571428572
2012-08-02,8.147928571428572
2012-08-03,8.349714285714287
2012-08-06,8.524500000000002
2012-08-07,8.482642857142858
2012-08-08,8.455857142857143
2012-08-09,8.545642857142859
2012-08-10,8.570428571428572
2012-08-13,8.782142857142858
2012-08-14,8.825285714285714
2012-08-15,8.803285714285716
2012-08-16,8.943857142857143
2012-08-17,9.244142857142858
2012-08-20,9.678857142857144
2012-08-21,9.446928571428572
2012-08-22,9.773714285714286
2012-08-23,9.614571428571429
2012-08-24,9.62957142857143
2012-08-27,9.94742857142857
2012-08-28,9.925
2012-08-29,9.890785714285714
2012-08-30,9.645928571428572
2012-08-31,9.681142857142857
2012-09-04,9.929357142857143
2012-09-05,9.808428571428571
2012-09-06,9.9625
2012-09-07,10.068857142857143
2012-09-10,9.617357142857143
2012-09-11,9.5625
2012-09-12,9.797214285714286
2012-09-13,10.133642857142858
2012-09-14,10.345428571428572
2012-09-17,10.562214285714287
2012-09-18,10.61657142857143
2012-09-19,10.621428571428572
2012-09-20,10.534714285714287
2012-09-21,10.570142857142857
2012-09-24,10.332928571428573
2012-09-25,9.892857142857142
2012-09-26,9.679571428571428
2012-09-27,10.091357142857143
2012-09-28,9.728571428571428
2012-10-01,8.445949367088607
2012-10-02,8.489367088607594
2012-10-03,8.718607594936708
2012-10-04,8.613481012658227
2012-10-05,8.292278481012659
2012-10-08,7.966329113924051
2012-10-09,7.91386075949367
2012-10-10,8.028227848101265
2012-10-11,7.738670886075949
2012-10-12,7.77506329113924
2012-10-15,7.889240506329114
2012-10-16,8.228987341772152
2012-10-17,8.111898734177215
2012-10-18,7.841329113924051
2012-10-19,7.325949367088607
2012-10-22,7.872721518987341
2012-10-23,7.405316455696203
2012-10-24,7.483924050632911
2012-10-25,7.318924050632911
2012-10-26,7.193924050632911
2012-10-31,6.997721518987341
2012-11-01,7.025316455696202
2012-11-02,6.579113924050632
2012-11-05,6.755886075949367
2012-11-06,6.715886075949367
2012-11-07,6.214050632911391
2012-11-08,5.756329113924051
2012-11-09,5.966772151898734
2012-11-12,5.871139240506329
2012-11-13,5.87253164556962
2012-11-14,5.736645569620253
2012-11-15,5.482151898734177
2012-11-16,5.5284810126582276
2012-11-19,6.38879746835443
2012-11-20,6.279810126582278
2012-11-21,6.297721518987341
2012-11-23,6.519240506329114
2012-11-26,6.926772151898734
2012-11-27,6.819367088607594
2012-11-28,6.777784810126582
2012-11-29,6.922911392405063
2012-11-30,6.830696202531645
2012-12-03,6.85126582278481
2012-12-04,6.617341772151898
2012-12-05,5.779810126582277
2012-12-06,5.970822784810126
2012-12-07,5.654620253164557
2012-12-10,5.577088607594936
2012-12-11,5.838354430379747
2012-12-12,5.784556962025316
2012-12-13,5.574113924050633
2012-12-14,5.124303797468354
2012-12-17,5.328670886075949
2012-12-18,5.669303797468354
2012-12-19,5.497721518987342
2012-12-20,5.394240506329114
2012-12-21,5.339936708860758
2012-12-24,5.358734177215189
2012-12-26,5.196898734177215
2012-12-27,5.243417721518987
2012-12-28,5.1195569620253165
2012-12-31,5.630189873417721
2013-01-02,6.01132911392405
2013-01-03,5.8544303797468356
2013-01-04,5.513354430379747
2013-01-07,5.443291139240507
2013-01-08,5.475126582278481
2013-01-09,5.2895569620253164
2013-01-10,5.434430379746835
2013-01-11,5.361898734177215
2013-01-14,4.94259493670886
2013-01-15,4.584746835443037
2013-01-16,5.040696202531645
2013-01-17,4.9636075949367084
2013-01-18,4.903037974683544
2013-01-22,5.010822784810126
2013-01-23,5.2194936708860755
2013-01-24,3.784113924050633
2013-01-25,3.544050632911392
2013-01-28,3.7689873417721516
2013-01-29,3.959746835443038
2013-01-30,3.9272151898734178
2013-01-31,3.8968987341772148
2013-02-01,3.8546835443037972
2013-02-04,3.5989873417721516
2013-02-05,3.9500632911392404
2013-02-06,3.938987341772152
2013-02-07,4.2445569620253165
2013-02-08,4.397405063291139
2013-02-11,4.509240506329114
2013-02-12,4.237341772151899
2013-02-13,4.217215189873418
2013-02-14,4.207721518987341
2013-02-15,4.062405063291139
2013-02-19,4.058544303797468
2013-02-20,3.8067088607594934
2013-02-21,3.7436708860759493
2013-02-22,3.851012658227848
2013-02-25,3.67
2013-02-26,3.8094303797468356
2013-02-27,3.7099999999999995
2013-02-28,3.6383544303797466
2013-03-01,3.39126582278481
2013-03-04,3.155759493670886
2013-03-05,3.406392405063291
2013-03-06,3.28253164556962
2013-03-07,3.3937341772151894
2013-03-08,3.4195569620253163
2013-03-11,3.558544303797468
2013-03-12,3.3451898734177212
2013-03-13,3.3433544303797467
2013-03-14,3.437151898734177
2013-03-15,3.689430379746835
2013-03-18,3.962025316455696
2013-03-19,3.9342405063291137
2013-03-20,3.8797468354430378
2013-03-21,3.894430379746835
2013-03-22,4.101962025316455
2013-03-25,4.139683544303797
2013-03-26,4.084303797468354
2013-03-27,3.8797468354430378
2013-03-28,3.666835443037974
2013-04-01,3.356012658227848
2013-04-02,3.3758860759493667
2013-04-03,3.425632911392405
2013-04-04,3.3291139240506324
2013-04-05,3.2269620253164555
2013-04-08,3.295
2013-04-09,3.312405063291139
2013-04-10,3.509240506329114
2013-04-11,3.4785443037974684
2013-04-12,3.376139240506329
2013-04-15,3.15120253164557
2013-04-16,3.2956329113924046
2013-04-17,2.7658227848101267
2013-04-18,2.5228481012658226
2013-04-19,2.4884810126582275
2013-04-22,2.6724683544303796
2013-04-23,2.8410759493670885
2013-04-24,2.8259493670886076
2013-04-25,2.8919620253164555
2013-04-26,3.09132911392405
2013-04-29,3.3833544303797467
2013-04-30,3.6695569620253163
2013-05-01,3.5906329113924045
2013-05-02,3.731455696202531
2013-05-03,3.832278481012658
2013-05-06,4.074810126582278
2013-05-07,4.028227848101266
2013-05-08,4.1455696202531644
2013-05-09,4.054683544303797
2013-05-10,3.96879746835443
2013-05-13,4.00879746835443
2013-05-14,3.7629113924050634
2013-05-15,3.423607594936709
2013-05-16,3.552911392405063
2013-05-17,3.523291139240506
2013-05-20,3.7418354430379743
2013-05-21,3.6679746835443034
2013-05-22,3.706139240506329
2013-05-23,3.7239873417721516
2013-05-24,3.7920253164556956
2013-05-28,3.7079746835443035
2013-05-29,3.7875316455696204
2013-05-30,3.937405063291139
2013-05-31,3.8955696202531644
2013-06-03,3.917974683544304
2013-06-04,3.8860759493670884
2013-06-05,3.791139240506329
2013-06-06,3.6408227848101267
2013-06-07,3.7165189873417717
2013-06-10,3.6505696202531643
2013-06-11,3.621392405063291
2013-06-12,3.499113924050633
2013-06-13,3.5843037974683543
2013-06-14,3.4506962025316454
2013-06-17,3.494810126582278
2013-06-18,3.489620253164557
2013-06-19,3.291392405063291
2013-06-20,3.151898734177215
2013-06-21,3.0766455696202533
2013-06-24,2.8288607594936708
2013-06-25,2.8309493670886074
2013-06-26,2.7278481012658222
2013-06-27,2.6308860759493666
2013-06-28,2.693037974683544
2013-07-01,2.9798734177215187
2013-07-02,3.189430379746835
2013-07-03,3.2416455696202533
2013-07-05,3.165253164556962
2013-07-08,3.1116455696202534
2013-07-09,3.276645569620253
2013-07-10,3.2400632911392404
2013-07-11,3.388101265822785
2013-07-12,3.370696202531646
2013-07-15,3.391708860759494
2013-07-16,3.4538607594936703
2013-07-17,3.4565822784810125
2013-07-18,3.4891772151898732
2013-07-19,3.335443037974683
2013-07-22,3.3662025316455693
2013-07-23,3.2006962025316454
2013-07-24,3.6871518987341774
2013-07-25,3.6417088607594934
2013-07-26,3.6980379746835443
2013-07-29,3.8517088607594934
2013-07-30,3.9767088607594934
2013-07-31,3.9588607594936707
2013-08-01,4.0524683544303794
2013-08-02,4.185126582278481
2013-08-05,4.341329113924051
2013-08-06,4.246392405063291
2013-08-07,4.240253164556962
2013-08-08,4.2194936708860755
2013-08-09,4.07120253164557
2013-08-12,4.363037974683544
2013-08-13,4.86506329113924
2013-08-14,5.066898734177214
2013-08-15,5.0535443037974686
2013-08-16,5.1534810126582276
2013-08-19,5.275759493670885
2013-08-20,5.125
2013-08-21,5.154177215189873
2013-08-22,5.167721518987341
2013-08-23,5.123860759493671
2013-08-26,5.167974683544304
2013-08-27,4.842911392405063
2013-08-28,4.894873417721519
2013-08-29,4.913227848101266
2013-08-30,4.811708860759493
2013-09-03,4.8426582278481005
2013-09-04,5.071202531645569
2013-09-05,4.993924050632911
2013-09-06,5.0605696202531645
2013-09-09,5.240253164556962
2013-09-10,4.979683544303797
2013-09-11,4.370949367088608
2013-09-12,4.483481012658228
2013-09-13,4.307405063291139
2013-09-16,3.9733544303797466
2013-09-17,4.090886075949367
2013-09-18,4.3024683544303794
2013-09-19,4.474683544303797
2013-09-20,4.364177215189874
2013-09-23,4.889240506329114
2013-09-24,4.8544303797468356
2013-09-25,4.683291139240507
2013-09-26,4.789303797468354
2013-09-27,4.710886075949367
2013-09-30,4.575253164556962
2013-10-01,5.335174825174826
2013-10-02,5.375104895104895
2013-10-03,5.2215384615384615
2013-10-04,5.212027972027972
2013-10-07,5.329930069930071
2013-10-08,5.15986013986014
2013-10-09,5.300699300699301
2013-10-10,5.376853146853147
2013-10-11,5.456293706293707
2013-10-14,5.536993006993008
2013-10-15,5.602867132867133
2013-10-16,5.663566433566434
2013-10-17,5.748251748251749
2013-10-18,5.857902097902098
2013-10-21,6.1693006993007
2013-10-22,6.131888111888111
2013-10-23,6.259230769230769
2013-10-24,6.432797202797203
2013-10-25,6.283986013986015
2013-10-28,6.381888111888111
2013-10-29,6.052167832167832
2013-10-30,6.257482517482518
2013-10-31,6.2027972027972025
2013-11-01,6.136083916083916
2013-11-04,6.303916083916084
2013-11-05,6.271258741258742
2013-11-06,6.234545454545454
2013-11-07,6.023986013986014
2013-11-08,6.225524475524476
2013-11-11,6.187552447552448
2013-11-12,6.211818181818182
2013-11-13,6.2272727272727275
2013-11-14,6.415314685314685
2013-11-15,6.336153846153847
2013-11-18,6.177062937062937
2013-11-19,6.200279720279721
2013-11-20,6.086643356643357
2013-11-21,6.23979020979021
2013-11-22,6.206573426573428
2013-11-25,6.3049650349650355
2013-11-26,6.546223776223777
2013-11-27,6.85986013986014
2013-11-29,7.112377622377623
2013-12-02,6.991538461538462
2013-12-03,7.368391608391608
2013-12-04,7.335384615384616
2013-12-05,7.407832167832168
2013-12-06,7.2110489510489515
2013-12-09,7.371118881118881
2013-12-10,7.349160839160839
2013-12-11,7.244475524475525
2013-12-12,7.2240559440559435
2013-12-13,7.071398601398601
2013-12-16,7.148111888111888
2013-12-17,7.085384615384616
2013-12-18,6.98
2013-12-19,6.822447552447553
2013-12-20,6.936293706293707
2013-12-23,7.462517482517483
2013-12-24,7.402097902097903
2013-12-26,7.307972027972029
2013-12-27,7.212797202797202
2013-12-30,7.073706293706294
2013-12-31,7.236013986013987
2014-01-02,7.038951048951049
2014-01-03,6.735524475524476
2014-01-06,6.80916083916084
2014-01-07,6.711818181818182
2014-01-08,6.797482517482518
2014-01-09,6.623846153846154
2014-01-10,6.534685314685315
2014-01-13,6.604405594405595
2014-01-14,6.870629370629371
2014-01-15,7.144615384615385
2014-01-16,7.066923076923078
2014-01-17,6.727762237762238
2014-01-21,6.937552447552448
2014-01-22,6.998531468531469
2014-01-23,7.115104895104896
2014-01-24,6.862657342657342
2014-01-27,6.973286713286714
2014-01-28,5.874405594405594
2014-01-29,5.730769230769231
2014-01-30,5.706573426573426
2014-01-31,5.726993006993007
2014-02-03,5.75027972027972
2014-02-04,5.931538461538462
2014-02-05,6.026503496503497
2014-02-06,6.100629370629371
2014-02-07,6.27972027972028
2014-02-10,6.514965034965035
2014-02-11,6.686293706293707
2014-02-12,6.685034965034965
2014-02-13,6.897622377622378
2014-02-14,6.887132867132867
2014-02-18,6.935594405594405
2014-02-19,6.721538461538462
2014-02-20,6.5661538461538465
2014-02-21,6.41881118881119
2014-02-24,6.476293706293707
2014-02-25,6.339160839160839
2014-02-26,6.221538461538462
2014-02-27,6.479300699300699
2014-02-28,6.443566433566434
2014-03-03,6.481538461538461
2014-03-04,6.568461538461539
2014-03-05,6.596433566433567
2014-03-06,6.556223776223777
2014-03-07,6.548461538461539
2014-03-10,6.56041958041958
2014-03-11,6.6895804195804205
2014-03-12,6.702517482517483
2014-03-13,6.553706293706294
2014-03-14,6.4048251748251745
2014-03-17,6.4560139860139865
2014-03-18,6.57041958041958
2014-03-19,6.568951048951049
2014-03-20,6.504965034965035
2014-03-21,6.60916083916084
2014-03-24,6.766993006993007
2014-03-25,6.911818181818182
2014-03-26,6.781748251748253
2014-03-27,6.723776223776224
2014-03-28,6.70881118881119
2014-03-31,6.705524475524476
2014-04-01,6.828391608391608
2014-04-02,6.850909090909091
2014-04-03,6.756993006993007
2014-04-04,6.582937062937064
2014-04-07,6.374405594405594
2014-04-08,6.373636363636364
2014-04-09,6.545454545454545
2014-04-10,6.374615384615385
2014-04-11,6.2779720279720275
2014-04-14,6.32965034965035
2014-04-15,6.236783216783217
2014-04-16,6.263006993006993
2014-04-17,6.411118881118881
2014-04-21,6.566713286713287
2014-04-22,6.57965034965035
2014-04-23,6.406363636363636
2014-04-24,7.480769230769231
2014-04-25,7.5848951048951045
2014-04-28,8.138111888111888
2014-04-29,8.094125874125874
2014-04-30,8.038181818181819
2014-05-01,8.072937062937063
2014-05-02,8.100419580419581
2014-05-05,8.30972027972028
2014-05-06,8.146083916083915
2014-05-07,8.094125874125874
2014-05-08,8.067902097902099
2014-05-09,8.006713286713287
2014-05-12,8.18881118881119
2014-05-13,8.212027972027972
2014-05-14,8.214755244755246
2014-05-15,8.08867132867133
2014-05-16,8.305664335664336
2014-05-19,8.482517482517483
2014-05-20,8.485524475524477
2014-05-21,8.525454545454545
2014-05-22,8.54944055944056
2014-05-23,8.720769230769232
2014-05-27,9.007972027972027
2014-05-28,8.967552447552448
2014-05-29,9.251468531468532
2014-05-30,9.192027972027972
2014-06-02,9.083426573426573
2014-06-03,9.305454545454547
2014-06-04,9.487272727272728
2014-06-05,9.55041958041958
2014-06-06,9.506013986013986
2014-06-09,9.763986013986015
2014-06-10,9.86013986013986
2014-06-11,9.791958041958042
2014-06-12,9.517482517482517
2014-06-13,9.340909090909092
2014-06-16,9.501748251748252
2014-06-17,9.48076923076923
2014-06-18,9.498251748251748
2014-06-19,9.442307692307692
2014-06-20,9.276223776223777
2014-06-23,9.262237762237762
2014-06-24,9.166083916083917
2014-06-25,9.18006993006993
2014-06-26,9.274475524475525
2014-06-27,9.45979020979021
2014-06-30,9.62937062937063
2014-07-01,9.732517482517483
2014-07-02,9.725524475524477
2014-07-03,9.821678321678322
2014-07-07,10.15909090909091
2014-07-08,10.052447552447553
2014-07-09,10.05944055944056
2014-07-10,9.996503496503497
2014-07-11,10.02972027972028
2014-07-14,10.244755244755245
2014-07-15,9.952797202797203
2014-07-17,9.657342657342658
2014-07-18,9.891608391608392
2014-07-21,9.805944055944057
2014-07-22,9.942307692307692
2014-07-23,10.374125874125875
2014-07-24,10.346153846153847
2014-07-25,10.458041958041958
2014-07-28,10.694055944055945
2014-07-29,10.582167832167833
2014-07-30,10.541958041958042
2014-07-31,10.096153846153847
2014-08-01,10.18881118881119
2014-08-04,10.094405594405595
2014-08-05,10.012237762237763
2014-08-06,9.984265734265735
2014-08-07,9.982517482517483
2014-08-08,10.027972027972028
2014-08-11,10.246503496503497
2014-08-12,10.243006993006993
2014-08-13,10.465034965034965
2014-08-14,10.51048951048951
2014-08-15,10.594405594405595
2014-08-18,10.800699300699302
2014-08-19,11.04020979020979
2014-08-20,11.047202797202797
2014-08-21,11.04895104895105
2014-08-22,11.178321678321678
2014-08-25,11.216783216783217
2014-08-26,11.103146853146853
2014-08-27,11.31993006993007
2014-08-28,11.340909090909092
2014-08-29,11.384615384615385
2014-09-02,11.524475524475525
2014-09-03,10.762237762237763
2014-09-04,10.61888111888112
2014-09-05,10.767482517482518
2014-09-08,10.65909090909091
2014-09-09,10.596153846153847
2014-09-10,11.122377622377622
2014-09-11,11.197552447552448
2014-09-12,11.237762237762238
2014-09-15,11.227272727272728
2014-09-16,11.097902097902098
2014-09-17,11.223776223776225
2014-09-18,11.26048951048951
2014-09-19,11.115384615384615
2014-09-22,11.134615384615385
2014-09-23,11.40909090909091
2014-09-24,11.25
2014-09-25,10.575174825174827
2014-09-26,11.078671328671328
2014-09-29,10.966783216783217
2014-09-30,11.078671328671328
2014-10-01,9.596273291925465
2014-10-02,9.70807453416149
2014-10-03,9.664596273291925
2014-10-06,9.664596273291925
2014-10-07,9.529503105590061
2014-10-08,9.847826086956522
2014-10-09,9.881987577639752
2014-10-10,9.83695652173913
2014-10-13,9.694099378881987
2014-10-14,9.529503105590061
2014-10-15,9.341614906832296
2014-10-16,9.142857142857142
2014-10-17,9.361801242236025
2014-10-20,9.686335403726709
2014-10-21,10.107142857142858
2014-10-22,10.187888198757763
2014-10-23,10.47360248447205
2014-10-24,10.53416149068323
2014-10-27,10.517080745341614
2014-10-28,10.770186335403727
2014-10-29,10.86335403726708
2014-10-30,10.807453416149066
2014-10-31,10.96583850931677
2014-11-03,11.183229813664594
2014-11-04,11.059006211180124
2014-11-05,11.099378881987578
2014-11-06,11.147515527950311
2014-11-07,11.195652173913041
2014-11-10,11.167701863354036
2014-11-11,11.3027950310559
2014-11-12,11.543478260869565
2014-11-13,11.787267080745341
2014-11-14,11.998447204968942
2014-11-17,11.96894409937888
2014-11-18,12.198757763975156
2014-11-19,12.072981366459626
2014-11-20,12.329192546583851
2014-11-21,12.335403726708073
2014-11-24,12.687888198757761
2014-11-25,12.531055900621118
2014-11-26,12.746894409937887
2014-11-28,12.736024844720495
2014-12-01,12.133540372670806
2014-12-02,12.068322981366459
2014-12-03,12.27329192546584
2014-12-04,12.197204968944098
2014-12-05,12.122670807453414
2014-12-08,11.722049689440992
2014-12-09,11.990683229813664
2014-12-10,11.6583850931677
2014-12-11,11.600931677018632
2014-12-12,11.326086956521738
2014-12-15,11.076086956521738
2014-12-16,10.835403726708075
2014-12-17,11.239130434782608
2014-12-18,11.760869565217389
2014-12-19,11.625776397515528
2014-12-22,11.805900621118012
2014-12-23,11.743788819875775
2014-12-24,11.661490683229813
2014-12-26,11.96894409937888
2014-12-29,11.956521739130434
2014-12-30,11.740683229813664
2014-12-31,11.4083850931677
2015-01-02,11.245341614906831
2015-01-05,10.767080745341614
2015-01-06,10.768633540372669
2015-01-07,11.0
2015-01-08,11.63975155279503
2015-01-09,11.661490683229813
2015-01-12,11.232919254658386
2015-01-13,11.374223602484472
2015-01-14,11.3027950310559
2015-01-15,10.861801242236025
2015-01-16,10.71894409937888
2015-01-20,11.159937888198758
2015-01-21,11.406832298136644
2015-01-22,11.722049689440992
2015-01-23,11.812111801242235
2015-01-26,11.830745341614906
2015-01-27,11.214285714285714
2015-01-28,12.173913043478262
2015-01-29,12.731366459627328
2015-01-30,12.4611801242236
2015-02-02,12.68944099378882
2015-02-03,12.680124223602483
2015-02-04,12.833850931677018
2015-02-05,12.96583850931677
2015-02-06,12.809006211180122
2015-02-09,12.928571428571429
2015-02-10,13.288819875776396
2015-02-11,13.732919254658384
2015-02-12,13.970496894409937
2015-02-13,14.074534161490682
2015-02-17,14.190993788819876
2015-02-18,14.327639751552793
2015-02-19,14.287267080745341
2015-02-20,14.448757763975154
2015-02-23,14.993788819875776
2015-02-24,14.864906832298136
2015-02-25,14.330745341614907
2015-02-26,14.591614906832296
2015-02-27,14.29192546583851
2015-03-02,14.386645962732919
2015-03-03,14.430124223602485
2015-03-04,14.301242236024843
2015-03-05,13.96583850931677
2015-03-06,13.999999999999998
2015-03-09,14.076086956521738
2015-03-10,13.68167701863354
2015-03-11,13.322981366459626
2015-03-12,13.666149068322982
2015-03-13,13.524844720496892
2015-03-16,13.743788819875776
2015-03-17,14.068322981366459
2015-03-18,14.29503105590062
2015-03-19,14.138198757763973
2015-03-20,13.914596273291924
2015-03-23,14.094720496894409
2015-03-24,14.013975155279502
2015-03-25,13.499999999999998
2015-03-26,13.633540372670806
2015-03-27,13.479813664596273
2015-03-30,13.964285714285715
2015-03-31,13.663043478260867
2015-04-01,13.631987577639752
2015-04-02,13.799689440993788
2015-04-06,14.116459627329192
2015-04-07,13.9083850931677
2015-04-08,13.844720496894409
2015-04-09,13.993788819875776
2015-04-10,14.077639751552793
2015-04-13,14.038819875776396
2015-04-14,13.953416149068323
2015-04-15,14.026397515527949
2015-04-16,13.933229813664596
2015-04-17,13.712732919254657
2015-04-20,14.15527950310559
2015-04-21,14.048136645962732
2015-04-22,14.313664596273291
2015-04-23,14.47670807453416
2015-04-24,14.571428571428571
2015-04-27,14.939440993788818
2015-04-28,14.614906832298136
2015-04-29,14.316770186335404
2015-04-30,13.774844720496892
2015-05-01,14.364906832298136
2015-05-04,14.326086956521738
2015-05-05,13.875776397515526
2015-05-06,13.753105590062109
2015-05-07,13.869565217391303
2015-05-08,14.223602484472048
2015-05-11,14.037267080745341
2015-05-12,13.96583850931677
2015-05-13,13.989130434782608
2015-05-14,14.445652173913043
2015-05-15,14.414596273291924
2015-05-18,14.638198757763973
2015-05-19,14.619565217391305
2015-05-20,14.625776397515526
2015-05-21,14.824534161490682
2015-05-22,15.00310559006211
2015-05-26,14.549689440993788
2015-05-27,14.925465838509316
2015-05-28,14.885093167701863
2015-05-29,14.658385093167702
2015-06-01,14.690993788819874
2015-06-02,14.602484472049689
2015-06-03,14.633540372670806
2015-06-04,14.509316770186334
2015-06-05,14.399068322981366
2015-06-08,14.267080745341614
2015-06-09,14.20807453416149
2015-06-10,14.43478260869565
2015-06-11,14.38975155279503
2015-06-12,14.169254658385093
2015-06-15,14.130434782608695
2015-06-16,14.236024844720497
2015-06-17,14.189440993788818
2015-06-18,14.274844720496894
2015-06-19,14.080745341614907
2015-06-22,14.237577639751551
2015-06-23,14.14751552795031
2015-06-24,14.326086956521738
2015-06-25,14.220496894409937
2015-06-26,14.110248447204969
2015-06-29,13.762422360248445
2015-06-30,13.89751552795031
2015-07-01,14.068322981366459
2015-07-02,14.049689440993788
2015-07-06,13.987577639751551
2015-07-07,13.939440993788818
2015-07-08,13.45807453416149
2015-07-09,13.066770186335404
2015-07-10,13.568322981366459
2015-07-13,13.93478260869565
2015-07-14,13.925465838509316
2015-07-15,14.114906832298137
2015-07-16,14.37422360248447
2015-07-17,14.54192546583851
2015-07-20,14.930124223602485
2015-07-21,14.718944099378882
2015-07-22,13.854037267080745
2015-07-23,13.857142857142856
2015-07-24,13.751552795031055
2015-07-27,13.504658385093167
2015-07-28,13.571428571428571
2015-07-29,13.520186335403725
2015-07-30,13.425465838509314
2015-07-31,13.282608695652174
2015-08-03,12.812111801242237
2015-08-04,12.223602484472048
2015-08-05,12.341614906832298
2015-08-06,12.386645962732917
2015-08-07,12.43944099378882
2015-08-10,13.088509316770187
2015-08-11,12.135093167701864
2015-08-12,12.39751552795031
2015-08-13,12.383540372670806
2015-08-14,12.515527950310558
2015-08-17,12.695652173913043
2015-08-18,12.593167701863353
2015-08-19,12.361801242236025
2015-08-20,11.995341614906831
2015-08-21,10.970496894409939
2015-08-24,10.520186335403727
2015-08-25,10.611801242236025
2015-08-26,11.524844720496894
2015-08-27,12.024844720496894
2015-08-28,12.093167701863353
2015-08-31,12.012422360248447
2015-09-01,11.267080745341614
2015-09-02,11.947204968944098
2015-09-03,11.641304347826086
2015-09-04,11.470496894409937
2015-09-08,11.94254658385093
2015-09-09,11.607142857142856
2015-09-10,11.982919254658384
2015-09-11,12.237577639751553
2015-09-14,12.406832298136646
2015-09-15,12.559006211180122
2015-09-16,12.569875776397515
2015-09-17,12.194099378881987
2015-09-18,12.119565217391303
2015-09-21,12.392857142857142
2015-09-22,12.116459627329192
2015-09-23,12.254658385093167
2015-09-24,12.360248447204967
2015-09-25,12.316770186335402
2015-09-28,11.962732919254659
2015-09-29,11.454968944099377
2015-09-30,11.576086956521738
2015-10-01,8.027056277056277
2015-10-02,8.103896103896103
2015-10-05,8.158008658008658
2015-10-06,8.215367965367966
2015-10-07,8.146103896103895
2015-10-08,8.019480519480519
2015-10-09,8.29978354978355
2015-10-12,8.244588744588745
2015-10-13,8.267316017316018
2015-10-14,8.096320346320347
2015-10-15,8.268398268398268
2015-10-16,8.183982683982684
2015-10-19,8.26082251082251
2015-10-20,8.482683982683982
2015-10-21,8.48051948051948
2015-10-22,8.665584415584414
2015-10-23,9.057359307359308
2015-10-26,8.637445887445887
2015-10-27,8.566017316017316
2015-10-28,9.079004329004329
2015-10-29,9.213203463203463
2015-10-30,9.1017316017316
2015-11-02,9.283549783549784
2015-11-03,9.433982683982684
2015-11-04,9.372294372294371
2015-11-05,9.311688311688313
2015-11-06,9.326839826839826
2015-11-09,9.273809523809524
2015-11-10,8.858225108225108
2015-11-11,8.792207792207792
2015-11-12,8.74891774891775
2015-11-13,8.383116883116882
2015-11-16,8.581168831168831
2015-11-17,8.529220779220779
2015-11-18,8.918831168831169
2015-11-19,9.080086580086581
2015-11-20,9.136363636363637
2015-11-23,8.969696969696969
2015-11-24,9.09090909090909
2015-11-25,8.99891774891775
2015-11-27,8.975108225108226
2015-11-30,9.033549783549784
2015-12-01,8.924242424242424
2015-12-02,8.80952380952381
2015-12-03,8.692640692640692
2015-12-04,9.107142857142858
2015-12-07,9.024891774891774
2015-12-08,9.02056277056277
2015-12-09,8.738095238095237
2015-12-10,8.797619047619047
2015-12-11,8.474025974025974
2015-12-14,8.395021645021645
2015-12-15,8.17965367965368
2015-12-16,8.273809523809524
2015-12-17,8.021645021645021
2015-12-18,7.686147186147186
2015-12-21,7.840909090909091
2015-12-22,7.830086580086579
2015-12-23,7.9805194805194795
2015-12-24,7.916666666666667
2015-12-28,7.785714285714286
2015-12-29,7.9935064935064934
2015-12-30,7.83982683982684
2015-12-31,7.613636363636362
2016-01-04,7.624458874458875
2016-01-05,7.340909090909091
2016-01-06,7.123376623376623
2016-01-07,6.675324675324675
2016-01-08,6.7186147186147185
2016-01-11,6.888528138528138
2016-01-12,7.044372294372295
2016-01-13,6.762987012987013
2016-01-14,6.995670995670996
2016-01-15,6.728354978354979
2016-01-19,6.688311688311688
2016-01-20,6.703463203463203
2016-01-21,6.646103896103895
2016-01-22,7.201298701298702
2016-01-25,6.983766233766234
2016-01-26,7.046536796536796
2016-01-27,6.3354978354978355
2016-01-28,6.408008658008658
2016-01-29,6.759740259740259
2016-02-01,6.661255411255411
2016-02-02,6.45021645021645
2016-02-03,6.652597402597403
2016-02-04,6.735930735930736
2016-02-05,6.456709956709957
2016-02-08,6.563852813852813
2016-02-09,6.561688311688312
2016-02-10,6.483766233766233
2016-02-11,6.422077922077922
2016-02-12,6.453463203463204
2016-02-16,6.740259740259741
2016-02-17,6.9004329004329
2016-02-18,6.699134199134199
2016-02-19,6.675324675324675
2016-02-22,6.766233766233767
2016-02-23,6.529220779220779
2016-02-24,6.681818181818182
2016-02-25,6.753246753246753
2016-02-26,6.769480519480519
2016-02-29,6.745670995670995
2016-03-01,7.161255411255412
2016-03-02,7.185064935064935
2016-03-03,7.266233766233766
2016-03-04,7.42965367965368
2016-03-07,7.3062770562770565
2016-03-08,7.215367965367966
2016-03-09,7.225108225108226
2016-03-10,7.23051948051948
2016-03-11,7.348484848484849
2016-03-14,7.376623376623376
2016-03-15,7.599567099567099
2016-03-16,7.75
2016-03-17,7.731601731601732
2016-03-18,7.744588744588745
2016-03-21,7.7435064935064934
2016-03-22,7.831168831168831
2016-03-23,7.767316017316016
2016-03-24,7.717532467532467
2016-03-28,7.665584415584415
2016-03-29,7.9350649350649345
2016-03-30,8.13852813852814
2016-03-31,8.076839826839826
2016-04-01,8.185064935064934
2016-04-04,8.307359307359308
2016-04-05,8.165584415584416
2016-04-06,8.29004329004329
2016-04-07,8.028138528138529
2016-04-08,8.04112554112554
2016-04-11,8.08008658008658
2016-04-12,8.233766233766234
2016-04-13,8.406926406926408
2016-04-14,8.413419913419913
2016-04-15,8.169913419913419
2016-04-18,7.913419913419914
2016-04-19,7.8517316017316015
2016-04-20,7.875541125541125
2016-04-21,7.75
2016-04-22,7.718614718614718
2016-04-25,7.653679653679653
2016-04-26,7.574675324675324
2016-04-27,6.867965367965368
2016-04-28,6.544372294372294
2016-04-29,6.426406926406926
2016-05-02,6.415584415584416
2016-05-03,6.582251082251082
2016-05-04,6.475108225108225
2016-05-05,6.433982683982684
2016-05-06,6.377705627705628
2016-05-09,6.3852813852813854
2016-05-10,6.453463203463204
2016-05-11,6.354978354978354
2016-05-12,6.12012987012987
2016-05-13,6.1396103896103895
2016-05-16,6.503246753246754
2016-05-17,6.461038961038962
2016-05-18,6.576839826839827
2016-05-19,6.537878787878787
2016-05-20,6.648268398268398
2016-05-23,6.779220779220779
2016-05-24,6.938311688311688
2016-05-25,7.124458874458874
2016-05-26,7.20995670995671
2016-05-27,7.203463203463204
2016-05-31,7.150432900432899
2016-06-01,6.998917748917749
2016-06-02,6.9188311688311686
2016-06-03,6.94047619047619
2016-06-06,7.017316017316017
2016-06-07,7.06060606060606
2016-06-08,7.050865800865801
2016-06-09,7.127705627705628
2016-06-10,7.038961038961039
2016-06-13,6.877705627705628
2016-06-14,6.890692640692641
2016-06-15,6.856060606060606
2016-06-16,6.9004329004329
2016-06-17,6.6601731601731595
2016-06-20,6.6352813852813854
2016-06-21,6.7229437229437226
2016-06-22,6.683982683982683
2016-06-23,6.7435064935064934
2016-06-24,6.451298701298701
2016-06-27,6.291125541125541
2016-06-28,6.471861471861471
2016-06-29,6.559523809523809
2016-06-30,6.6893939393939394
2016-07-01,6.720779220779221
2016-07-05,6.628787878787879
2016-07-06,6.681818181818182
2016-07-07,6.726190476190476
2016-07-08,6.8062770562770565
2016-07-11,6.838744588744588
2016-07-12,6.886363636363637
2016-07-13,6.8268398268398265
2016-07-14,7.034632034632034
2016-07-15,7.033549783549783
2016-07-18,7.147186147186147
2016-07-19,7.151515151515151
2016-07-20,7.161255411255412
2016-07-21,7.103896103896104
2016-07-22,7.020562770562771
2016-07-25,6.877705627705628
2016-07-26,6.805194805194805
2016-07-27,7.484848484848484
2016-07-28,7.635281385281385
2016-07-29,7.621212121212121
2016-08-01,7.820346320346321
2016-08-02,7.6504329004329
2016-08-03,7.792207792207792
2016-08-04,7.862554112554113
2016-08-05,8.036796536796537
2016-08-08,8.133116883116884
2016-08-09,8.180735930735931
2016-08-10,8.093073593073592
2016-08-11,8.085497835497835
2016-08-12,8.112554112554111
2016-08-15,8.253246753246753
2016-08-16,8.242424242424242
2016-08-17,8.225108225108224
2016-08-18,8.20995670995671
2016-08-19,8.24025974025974
2016-08-22,8.1482683982684
2016-08-23,8.185064935064934
2016-08-24,8.096320346320347
2016-08-25,8.046536796536795
2016-08-26,7.978354978354978
2016-08-29,7.965367965367965
2016-08-30,7.876623376623376
2016-08-31,7.887445887445887
2016-09-01,7.955627705627706
2016-09-02,8.063852813852813
2016-09-06,8.06060606060606
2016-09-07,8.132034632034632
2016-09-08,7.824675324675324
2016-09-09,7.566017316017316
2016-09-12,7.816017316017316
2016-09-13,8.087662337662337
2016-09-14,8.50108225108225
2016-09-15,8.912337662337661
2016-09-16,8.841991341991342
2016-09-19,8.696969696969697
2016-09-20,8.695887445887445
2016-09-21,8.693722943722943
2016-09-22,8.80952380952381
2016-09-23,8.602813852813853
2016-09-26,8.621212121212121
2016-09-27,8.643939393939394
2016-09-28,8.737012987012987
2016-09-29,8.545454545454545
2016-09-30,8.63961038961039
2016-10-03,9.53125
2016-10-04,9.588942307692308
2016-10-05,9.594951923076923
2016-10-06,9.695913461538462
2016-10-07,9.716346153846153
2016-10-10,9.955528846153845
2016-10-11,9.985576923076923
2016-10-12,10.110576923076923
2016-10-13,10.067307692307693
2016-10-14,10.145432692307692
2016-10-17,10.135817307692307
2016-10-18,10.126201923076923
2016-10-19,10.084134615384615
2016-10-20,10.076923076923077
2016-10-21,10.021634615384615
2016-10-24,10.147836538461538
2016-10-25,10.219951923076923
2016-10-26,9.900240384615385
2016-10-27,9.766826923076923
2016-10-28,9.675480769230768
2016-10-31,9.653846153846153
2016-11-01,9.407451923076922
2016-11-02,9.419471153846153
2016-11-03,9.276442307692308
2016-11-04,9.157451923076923
2016-11-07,9.346153846153847
2016-11-08,9.424278846153845
2016-11-09,9.402644230769232
2016-11-10,9.03125
2016-11-11,9.108173076923077
2016-11-14,8.78125
2016-11-15,8.94951923076923
2016-11-16,9.295673076923077
2016-11-17,9.290865384615383
2016-11-18,9.304086538461538
2016-11-21,9.504807692307692
2016-11-22,9.513221153846155
2016-11-23,9.444711538461538
2016-11-25,9.51201923076923
2016-11-28,9.485576923076923
2016-11-29,9.47235576923077
2016-11-30,9.359375
2016-12-01,9.235576923076923
2016-12-02,9.284855769230768
2016-12-05,9.189903846153845
2016-12-06,9.290865384615383
2016-12-07,9.420673076923077
2016-12-08,9.551682692307692
2016-12-09,9.771634615384615
2016-12-12,9.693509615384615
2016-12-13,9.920673076923077
2016-12-14,9.920673076923077
2016-12-15,9.99639423076923
2016-12-16,10.014423076923075
2016-12-19,10.094951923076922
2016-12-20,10.132211538461538
2016-12-21,10.145432692307692
2016-12-22,10.052884615384615
2016-12-23,10.080528846153847
2016-12-27,10.169471153846153
2016-12-28,10.109375
2016-12-29,10.10576923076923
2016-12-30,9.99639423076923
2017-01-03,10.036057692307692
2017-01-04,10.020432692307692
2017-01-05,10.091346153846153
2017-01-06,10.247596153846153
2017-01-09,10.377403846153847
2017-01-10,10.391826923076922
2017-01-11,10.468749999999998
2017-01-12,10.408653846153845
2017-01-13,10.383413461538462
2017-01-17,10.498798076923077
2017-01-18,10.497596153846153
2017-01-19,10.472355769230768
2017-01-20,10.498798076923077
2017-01-23,10.508413461538462
2017-01-24,10.495192307692307
2017-01-25,10.724759615384615
2017-01-26,10.731971153846155
2017-01-27,10.733173076923077
2017-01-30,10.694711538461538
2017-01-31,10.661057692307692
2017-02-01,11.550480769230768
2017-02-02,11.52403846153846
2017-02-03,11.590144230769232
2017-02-06,11.735576923076923
2017-02-07,11.884615384615383
2017-02-08,11.945913461538462
2017-02-09,12.060096153846153
2017-02-10,12.024038461538462
2017-02-13,12.16466346153846
2017-02-14,12.372596153846153
2017-02-15,12.431490384615385
2017-02-16,12.411057692307692
2017-02-17,12.456730769230768
2017-02-21,12.574519230769232
2017-02-22,12.623798076923077
2017-02-23,12.554086538461538
2017-02-24,12.569711538461538
2017-02-27,12.60216346153846
2017-02-28,12.609375
2017-03-01,12.94591346153846
2017-03-02,12.846153846153845
2017-03-03,12.944711538461538
2017-03-06,12.891826923076923
2017-03-07,12.913461538461538
2017-03-08,12.850961538461538
2017-03-09,12.812499999999998
2017-03-10,12.867788461538462
2017-03-13,12.875
2017-03-14,12.849759615384615
2017-03-15,13.026442307692307
2017-03-16,13.054086538461538
2017-03-17,12.969951923076922
2017-03-20,13.146634615384615
2017-03-21,12.951923076923077
2017-03-22,13.141826923076923
2017-03-23,13.08173076923077
2017-03-24,13.048076923076923
2017-03-27,13.076923076923077
2017-03-28,13.427884615384615
2017-03-29,13.466346153846153
2017-03-30,13.443509615384615
2017-03-31,13.411057692307692
2017-04-03,13.415865384615385
2017-04-04,13.544471153846153
2017-04-05,13.454326923076922
2017-04-06,13.411057692307692
2017-04-07,13.372596153846153
2017-04-10,13.352163461538462
2017-04-11,13.167067307692307
2017-04-12,13.1875
2017-04-13,13.097355769230768
2017-04-17,13.191105769230768
2017-04-18,13.115384615384615
2017-04-19,13.052884615384615
2017-04-20,13.264423076923077
2017-04-21,13.243990384615383
2017-04-24,13.408653846153847
2017-04-25,13.515625
2017-04-26,13.413461538461537
2017-04-27,13.426682692307692
2017-04-28,13.409855769230768
2017-05-01,13.76201923076923
2017-05-02,13.873798076923077
2017-05-03,13.819711538461538
2017-05-04,13.756009615384615
2017-05-05,14.048076923076922
2017-05-08,14.53485576923077
2017-05-09,14.65264423076923
2017-05-10,14.564903846153847
2017-05-11,14.723557692307692
2017-05-12,14.981971153846153
2017-05-15,14.93389423076923
2017-05-16,14.906249999999998
2017-05-17,14.278846153846153
2017-05-18,14.554086538461538
2017-05-19,14.616586538461538
2017-05-22,14.728365384615385
2017-05-23,14.705528846153845
2017-05-24,14.650240384615385
2017-05-25,14.713942307692307
2017-05-26,14.682692307692307
2017-05-30,14.689903846153845
2017-05-31,14.580528846153847
2017-06-01,14.631009615384615
2017-06-02,14.903846153846153
2017-06-05,14.721153846153847
2017-06-06,14.783653846153845
2017-06-07,14.894230769230768
2017-06-08,14.848557692307693
2017-06-09,14.126201923076923
2017-06-12,13.698317307692307
2017-06-13,13.838942307692307
2017-06-14,13.667067307692307
2017-06-15,13.5625
2017-06-16,13.319711538461537
2017-06-19,13.80889423076923
2017-06-20,13.649038461538462
2017-06-21,13.752403846153847
2017-06-22,13.723557692307693
2017-06-23,13.801682692307692
2017-06-26,13.746394230769232
2017-06-27,13.495192307692307
2017-06-28,13.747596153846153
2017-06-29,13.489182692307692
2017-06-30,13.530048076923075
2017-07-03,13.467548076923077
2017-07-05,13.538461538461538
2017-07-06,13.375
2017-07-07,13.549278846153847
2017-07-10,13.655048076923077
2017-07-11,13.711538461538462
2017-07-12,13.736778846153847
2017-07-13,13.98076923076923
2017-07-14,14.133413461538462
2017-07-17,14.195913461538462
2017-07-18,14.25841346153846
2017-07-19,14.37139423076923
2017-07-20,14.289663461538462
2017-07-21,14.281249999999998
2017-07-24,14.5
2017-07-25,14.578125
2017-07-26,14.664663461538462
2017-07-27,14.316105769230768
2017-07-28,14.188701923076922
2017-07-31,14.096153846153845
2017-08-01,14.254807692307692
2017-08-02,15.106971153846153
2017-08-03,14.91826923076923
2017-08-04,15.016826923076922
2017-08-07,15.307692307692307
2017-08-08,15.460336538461537
2017-08-09,15.578125000000002
2017-08-10,14.963942307692307
2017-08-11,15.223557692307692
2017-08-14,15.508413461538462
2017-08-15,15.71875
2017-08-16,15.640624999999998
2017-08-17,15.26923076923077
2017-08-18,15.225961538461538
2017-08-21,15.191105769230768
2017-08-22,15.5
2017-08-23,15.52403846153846
2017-08-24,15.438701923076922
2017-08-25,15.509615384615383
2017-08-28,15.703125
2017-08-29,15.876201923076923
2017-08-30,15.929086538461538
2017-08-31,16.00721153846154
2017-09-01,16.013221153846153
2017-09-05,15.776442307692307
2017-09-06,15.756009615384615
2017-09-07,15.677884615384615
2017-09-08,15.361778846153847
2017-09-11,15.70673076923077
2017-09-12,15.629807692307692
2017-09-13,15.484375000000002
2017-09-14,15.319711538461537
2017-09-15,15.51201923076923
2017-09-18,15.366586538461537
2017-09-19,15.373798076923077
2017-09-20,15.054086538461538
2017-09-21,14.731971153846153
2017-09-22,14.551682692307692
2017-09-25,14.390625
2017-09-26,14.701923076923075
2017-09-27,14.832932692307692
2017-09-28,14.718749999999998
2017-09-29,14.819711538461538
2017-10-02,13.25323275862069
2017-10-03,13.32543103448276
2017-10-04,13.217672413793103
2017-10-05,13.423491379310345
2017-10-06,13.413793103448278
2017-10-09,13.47198275862069
2017-10-10,13.47844827586207
2017-10-11,13.548491379310347
2017-10-12,13.489224137931036
2017-10-13,13.595905172413794
2017-10-16,13.907327586206899
2017-10-17,13.970905172413795
2017-10-18,13.894396551724139
2017-10-19,13.487068965517242
2017-10-20,13.51616379310345
2017-10-23,13.507543103448276
2017-10-24,13.607758620689657
2017-10-25,13.533405172413794
2017-10-26,13.64116379310345
2017-10-27,14.248922413793103
2017-10-30,14.644396551724139
2017-10-31,14.894396551724139
2017-11-01,14.662715517241379
2017-11-02,14.794181034482758
2017-11-03,15.267241379310347
2017-11-06,15.455818965517244
2017-11-07,15.51616379310345
2017-11-08,15.670258620689655
2017-11-09,15.63146551724138
2017-11-10,15.568965517241379
2017-11-13,15.493534482758621
2017-11-14,15.21012931034483
2017-11-15,14.966594827586206
2017-11-16,15.184267241379311
2017-11-17,15.08189655172414
2017-11-20,15.063577586206897
2017-11-21,15.404094827586206
2017-11-22,15.60021551724138
2017-11-24,15.601293103448278
2017-11-27,15.50646551724138
2017-11-28,15.396551724137932
2017-11-29,15.00969827586207
2017-11-30,15.265086206896552
2017-12-01,15.178879310344831
2017-12-04,15.044181034482762
2017-12-05,15.026939655172413
2017-12-06,14.95905172413793
2017-12-07,14.992456896551724
2017-12-08,14.997844827586208
2017-12-11,15.35344827586207
2017-12-12,15.248922413793103
2017-12-13,15.31034482758621
2017-12-14,15.304956896551726
2017-12-15,15.493534482758621
2017-12-18,15.757543103448276
2017-12-19,15.554956896551724
2017-12-20,15.53448275862069
2017-12-21,15.605603448275863
2017-12-22,15.605603448275863
2017-12-26,15.127155172413794
2017-12-27,15.130387931034484
2017-12-28,15.182112068965516
2017-12-29,14.982758620689655
2018-01-02,15.309267241379311
2018-01-03,15.306034482758621
2018-01-04,15.392241379310347
2018-01-05,15.604525862068966
2018-01-08,15.53448275862069
2018-01-09,15.532327586206897
2018-01-10,15.528017241379311
2018-01-11,15.634698275862071
2018-01-12,15.829741379310347
2018-01-16,15.732758620689657
2018-01-17,16.04633620689655
2018-01-18,16.063577586206897
2018-01-19,15.977370689655174
2018-01-22,15.820043103448278
2018-01-23,15.824353448275863
2018-01-24,15.520474137931036
2018-01-25,15.185344827586206
2018-01-26,15.22844827586207
2018-01-29,14.845905172413795
2018-01-30,14.739224137931036
2018-01-31,14.788793103448278
2018-02-01,14.826508620689657
2018-02-02,14.042025862068966
2018-02-05,13.609913793103448
2018-02-06,14.314655172413794
2018-02-07,13.938577586206897
2018-02-08,13.465517241379311
2018-02-09,13.66918103448276
2018-02-12,14.348060344827587
2018-02-13,14.523706896551726
2018-02-14,14.85021551724138
2018-02-15,15.455818965517244
2018-02-16,15.395474137931036
2018-02-20,15.332974137931034
2018-02-21,15.248922413793103
2018-02-22,15.403017241379311
2018-02-23,15.726293103448278
2018-02-26,16.10021551724138
2018-02-27,16.03771551724138
2018-02-28,16.008620689655174
2018-03-01,15.672413793103448
2018-03-02,15.802801724137932
2018-03-05,15.868534482758621
2018-03-06,15.852370689655174
2018-03-07,15.675646551724139
2018-03-08,15.88146551724138
2018-03-09,16.209051724137932
2018-03-12,16.396551724137932
2018-03-13,16.207974137931036
2018-03-14,16.04310344827586
2018-03-15,16.06573275862069
2018-03-16,15.997844827586208
2018-03-19,15.704741379310347
2018-03-20,15.698275862068968
2018-03-21,15.270474137931036
2018-03-22,15.00969827586207
2018-03-23,14.588362068965518
2018-03-26,15.43211206896552
2018-03-27,14.954741379310345
2018-03-28,14.754310344827585
2018-03-29,14.894396551724139
2018-04-02,14.77586206896552
2018-04-03,14.96012931034483
2018-04-04,15.30711206896552
2018-04-05,15.435344827586208
2018-04-06,14.95905172413793
2018-04-09,15.139008620689657
2018-04-10,15.483836206896553
2018-04-11,15.396551724137932
2018-04-12,15.579741379310347
2018-04-13,15.643318965517242
2018-04-16,15.760775862068966
2018-04-17,16.021551724137932
2018-04-18,15.97844827586207
2018-04-19,15.435344827586208
2018-04-20,14.672413793103448
2018-04-23,14.620689655172416
2018-04-24,14.372844827586208
2018-04-25,14.449353448275863
2018-04-26,14.510775862068966
2018-04-27,14.306034482758621
2018-04-30,14.622844827586206
2018-05-01,15.036637931034482
2018-05-02,15.841594827586206
2018-05-03,15.876077586206899
2018-05-04,16.623922413793107
2018-05-07,16.767241379310345
2018-05-08,16.86314655172414
2018-05-09,17.004310344827587
2018-05-10,17.29310344827586
2018-05-11,17.21551724137931
2018-05-14,17.16810344827586
2018-05-15,16.983836206896555
2018-05-16,17.17133620689655
2018-05-17,17.04310344827586
2018-05-18,16.969827586206897
2018-05-21,17.112068965517246
2018-05-22,17.061422413793107
2018-05-23,17.19073275862069
2018-05-24,17.16810344827586
2018-05-25,17.214439655172416
2018-05-29,17.14116379310345
2018-05-30,17.098060344827587
2018-05-31,17.030172413793103
2018-06-01,17.393318965517242
2018-06-04,17.564655172413794
2018-06-05,17.724137931034484
2018-06-06,17.796336206896555
2018-06-07,17.740301724137932
2018-06-08,17.55064655172414
2018-06-11,17.500000000000004
2018-06-12,17.61314655172414
2018-06-13,17.442887931034484
2018-06-14,17.45366379310345
2018-06-15,17.242456896551726
2018-06-18,17.231681034482758
2018-06-19,16.903017241379313
2018-06-20,16.990301724137932
2018-06-21,16.87823275862069
2018-06-22,16.820043103448278
2018-06-25,16.523706896551726
2018-06-26,16.767241379310345
2018-06-27,16.73814655172414
2018-06-28,16.882543103448274
2018-06-29,16.840517241379313
2018-07-02,17.063577586206897
2018-07-03,16.712284482758623
2018-07-05,16.87176724137931
2018-07-06,17.148706896551722
2018-07-09,17.429956896551726
2018-07-10,17.405172413793107
2018-07-11,17.13900862068966
2018-07-12,17.478448275862068
2018-07-13,17.510775862068968
2018-07-16,17.465517241379313
2018-07-17,17.523706896551726
2018-07-18,17.410560344827587
2018-07-19,17.570043103448278
2018-07-20,17.52262931034483
2018-07-23,17.54094827586207
2018-07-24,17.69073275862069
2018-07-25,17.886853448275865
2018-07-26,17.821120689655174
2018-07-27,17.473060344827587
2018-07-30,17.35775862068966
2018-07-31,17.398706896551726
2018-08-01,18.606681034482758
2018-08-02,19.24137931034483
2018-08-03,19.306034482758623
2018-08-06,19.422413793103452
2018-08-07,19.211206896551726
2018-08-08,19.226293103448278
2018-08-09,19.401939655172416
2018-08-10,19.33512931034483
2018-08-13,19.479525862068968
2018-08-14,19.574353448275865
2018-08-15,19.627155172413794
2018-08-16,19.959051724137932
2018-08-17,20.41810344827586
2018-08-20,20.189655172413797
2018-08-21,20.14439655172414
2018-08-22,20.145474137931036
2018-08-23,20.192887931034484
2018-08-24,20.26508620689655
2018-08-27,20.45689655172414
2018-08-28,20.646551724137932
2018-08-29,21.0
2018-08-30,21.220905172413794
2018-08-31,21.501077586206897
2018-09-04,21.579741379310345
2018-09-05,21.41918103448276
2018-09-06,21.01293103448276
2018-09-07,20.81896551724138
2018-09-10,20.498922413793103
2018-09-11,21.09375
2018-09-12,20.79418103448276
2018-09-13,21.36961206896552
2018-09-14,21.092672413793107
2018-09-17,20.45043103448276
2018-09-18,20.489224137931036
2018-09-19,20.503232758620694
2018-09-20,20.68211206896552
2018-09-21,20.426724137931036
2018-09-24,20.764008620689655
2018-09-25,20.914870689655174
2018-09-26,20.724137931034484
2018-09-27,21.212284482758623
2018-09-28,21.29741379310345
2018-10-01,16.70805369127517
2018-10-02,16.87751677852349
2018-10-03,17.111577181208055
2018-10-04,16.769295302013422
2018-10-05,16.458892617449663
2018-10-08,16.415268456375838
2018-10-09,16.675335570469798
2018-10-10,15.793624161073826
2018-10-11,15.633389261744966
2018-10-12,16.276006711409394
2018-10-15,15.87751677852349
2018-10-16,16.279362416107382
2018-10-17,16.198825503355707
2018-10-18,15.765100671140939
2018-10-19,16.041107382550337
2018-10-22,16.153523489932887
2018-10-23,16.328020134228186
2018-10-24,15.687080536912752
2018-10-25,16.08221476510067
2018-10-26,15.788590604026846
2018-10-29,15.447986577181206
2018-10-30,15.536912751677852
2018-10-31,16.003355704697984
2018-11-01,16.28523489932886
2018-11-02,15.048657718120806
2018-11-05,14.554530201342283
2018-11-06,14.737416107382549
2018-11-07,15.255872483221475
2018-11-08,15.194630872483222
2018-11-09,14.85738255033557
2018-11-12,13.993288590604028
2018-11-13,13.830536912751679
2018-11-14,13.375
2018-11-15,13.761744966442953
2018-11-16,13.939597315436242
2018-11-19,13.296140939597317
2018-11-20,12.551174496644297
2018-11-21,12.534395973154362
2018-11-23,12.157718120805368
2018-11-26,12.353187919463087
2018-11-27,12.321308724832216
2018-11-28,12.883389261744966
2018-11-29,12.766778523489933
2018-11-30,12.685402684563758
2018-12-03,13.208892617449663
2018-12-04,12.526845637583891
2018-12-06,12.361577181208053
2018-12-07,11.838926174496645
2018-12-10,11.93204697986577
2018-12-11,11.850671140939596
2018-12-12,11.890100671140939
2018-12-13,12.04530201342282
2018-12-14,11.586409395973156
2018-12-17,11.457214765100671
2018-12-18,11.635906040268456
2018-12-19,11.201342281879196
2018-12-20,10.860738255033558
2018-12-21,10.348993288590604
2018-12-24,10.021812080536913
2018-12-26,10.889261744966444
2018-12-27,10.803691275167786
2018-12-28,10.81040268456376
2018-12-31,10.937080536912752
2019-01-02,10.952181208053693
2019-01-03,9.63255033557047
2019-01-04,10.141778523489933
2019-01-07,10.114093959731544
2019-01-08,10.350671140939596
2019-01-09,10.565436241610739
2019-01-10,10.606543624161075
2019-01-11,10.479865771812081
2019-01-14,10.287751677852349
2019-01-15,10.54530201342282
2019-01-16,10.702181208053691
2019-01-17,10.779362416107384
2019-01-18,10.85989932885906
2019-01-22,10.564597315436242
2019-01-23,10.616610738255034
2019-01-24,10.514261744966444
2019-01-25,10.938758389261745
2019-01-28,10.816275167785236
2019-01-29,10.680369127516778
2019-01-30,11.56711409395973
2019-01-31,11.666946308724832
2019-02-01,11.673657718120806
2019-02-04,12.070469798657717
2019-02-05,12.316275167785236
2019-02-06,12.321308724832216
2019-02-07,12.044463087248321
2019-02-08,12.061241610738255
2019-02-11,11.979026845637584
2019-02-12,12.101510067114093
2019-02-13,12.041946308724832
2019-02-14,12.093959731543624
2019-02-15,12.062080536912752
2019-02-19,12.10486577181208
2019-02-20,12.197147651006711
2019-02-21,12.115771812080537
2019-02-22,12.276006711409398
2019-02-25,12.381711409395974
2019-02-26,12.390100671140939
2019-02-27,12.435402684563758
2019-02-28,12.291107382550335
2019-03-01,12.443791946308727
2019-03-04,12.51761744966443
2019-03-05,12.490771812080537
2019-03-06,12.406040268456376
2019-03-07,12.236577181208055
2019-03-08,12.270973154362418
2019-03-11,12.773489932885905
2019-03-12,12.942114093959733
2019-03-13,13.009228187919463
2019-03-14,13.178691275167786
2019-03-15,13.379194630872483
2019-03-18,13.538590604026846
2019-03-19,13.413590604026844
2019-03-20,13.5503355704698
2019-03-21,14.131711409395972
2019-03-22,13.792785234899329
2019-03-25,13.598993288590604
2019-03-26,13.435402684563758
2019-03-27,13.576342281879196
2019-03-28,13.597315436241612
2019-03-29,13.700503355704699
2019-04-01,13.808724832214764
2019-04-02,14.041946308724832
2019-04-03,14.153523489932887
2019-04-04,14.182046979865772
2019-04-05,14.291946308724834
2019-04-08,14.552013422818792
2019-04-09,14.501677852348994
2019-04-10,14.595637583892616
2019-04-11,14.455536912751677
2019-04-12,14.448825503355703
2019-04-15,14.479026845637584
2019-04-16,14.480704697986578
2019-04-17,14.806208053691275
2019-04-18,14.86744966442953
2019-04-22,14.923657718120804
2019-04-23,15.171140939597317
2019-04-24,15.144295302013424
2019-04-25,14.986577181208053
2019-04-26,14.904362416107382
2019-04-29,14.930369127516778
2019-04-30,14.599832214765101
2019-05-01,15.426174496644295
2019-05-02,15.311241610738254
2019-05-03,15.529362416107384
2019-05-06,15.25503355704698
2019-05-07,14.783557046979865
2019-05-08,14.786912751677852
2019-05-09,14.604026845637586
2019-05-10,14.371644295302014
2019-05-13,13.41023489932886
2019-05-14,13.656879194630871
2019-05-15,13.846476510067115
2019-05-16,13.776006711409396
2019-05-17,13.685402684563758
2019-05-20,13.189597315436242
2019-05-21,13.484060402684563
2019-05-22,13.163590604026846
2019-05-23,12.901845637583891
2019-05-24,12.843959731543624
2019-05-28,12.781879194630873
2019-05-29,12.710570469798657
2019-05-30,12.78775167785235
2019-05-31,12.516778523489933
2019-06-03,12.368288590604028
2019-06-04,12.9001677852349
2019-06-05,13.143456375838925
2019-06-06,13.368288590604026
2019-06-07,13.781879194630873
2019-06-10,13.985738255033558
2019-06-11,14.172818791946309
2019-06-12,14.120805369127517
2019-06-13,14.11744966442953
2019-06-14,13.999161073825503
2019-06-17,14.095637583892618
2019-06-18,14.478187919463089
2019-06-19,14.429530201342281
2019-06-20,14.56291946308725
2019-06-21,14.505872483221477
2019-06-24,14.489093959731544
2019-06-25,14.236577181208053
2019-06-26,14.591442953020135
2019-06-27,14.586409395973154
2019-06-28,14.433724832214766
2019-07-01,14.738255033557047
2019-07-02,14.837248322147651
2019-07-03,14.978187919463087
2019-07-05,14.963087248322148
2019-07-08,14.609899328859061
2019-07-09,14.712248322147651
2019-07-10,14.879194630872485
2019-07-11,14.75503355704698
2019-07-12,14.88506711409396
2019-07-15,15.04530201342282
2019-07-16,14.985738255033556
2019-07-17,14.889261744966442
2019-07-18,15.083053691275166
2019-07-19,14.825503355704697
2019-07-22,15.213926174496644
2019-07-23,15.349832214765101
2019-07-24,15.33557046979866
2019-07-25,15.197147651006713
2019-07-26,15.257550335570471
2019-07-29,15.42030201342282
2019-07-30,15.34479865771812
2019-07-31,15.702181208053691
2019-08-01,15.315436241610739
2019-08-02,14.945469798657719
2019-08-05,14.049496644295303
2019-08-06,14.356543624161073
2019-08-07,14.527684563758388
2019-08-08,14.895973154362416
2019-08-09,14.755872483221475
2019-08-12,14.713087248322147
2019-08-13,15.4253355704698
2019-08-14,14.903523489932887
2019-08-15,14.818791946308723
2019-08-16,15.218120805369129
2019-08-19,15.541107382550337
2019-08-20,15.541946308724832
2019-08-21,15.733221476510067
2019-08-22,15.718120805369129
2019-08-23,14.894295302013422
2019-08-26,15.21728187919463
2019-08-27,15.021812080536913
2019-08-28,15.136744966442954
2019-08-29,15.428691275167784
2019-08-30,15.406040268456374
2019-09-03,15.151006711409396
2019-09-04,15.443791946308725
2019-09-05,15.786912751677853
2019-09-06,15.78523489932886
2019-09-09,15.861577181208053
2019-09-10,16.073825503355703
2019-09-11,16.651845637583893
2019-09-12,16.60989932885906
2019-09-13,16.245805369127517
2019-09-16,16.342281879194633
2019-09-17,16.40939597315436
2019-09-18,16.58305369127517
2019-09-19,16.431208053691275
2019-09-20,16.16023489932886
2019-09-23,16.243288590604028
2019-09-24,16.156040268456376
2019-09-25,16.437080536912752
2019-09-26,16.341442953020135
2019-09-27,16.251677852348994
2019-09-30,16.683724832214764
2019-10-01,16.792087542087543
2019-10-02,16.318181818181817
2019-10-03,16.474747474747474
2019-10-04,16.995791245791246
2019-10-07,17.0
2019-10-08,16.776094276094277
2019-10-09,16.997474747474747
2019-10-10,17.255050505050505
2019-10-11,17.77020202020202
2019-10-14,17.74158249158249
2019-10-15,17.695286195286194
2019-10-16,17.615319865319865
2019-10-17,17.69191919191919
2019-10-18,17.787037037037035
2019-10-21,18.132154882154882
2019-10-22,18.085858585858585
2019-10-23,18.356902356902356
2019-10-24,18.390572390572387
2019-10-25,18.64309764309764
2019-10-28,18.8510101010101
2019-10-29,18.366161616161616
2019-10-30,18.363636363636363
2019-10-31,18.826599326599325
2019-11-01,19.42087542087542
2019-11-04,19.56228956228956
2019-11-05,19.53114478114478
2019-11-06,19.540404040404038
2019-11-07,19.789562289562287
2019-11-08,19.8493265993266
2019-11-11,20.022727272727273
2019-11-12,20.002525252525253
2019-11-13,20.213804713804713
2019-11-14,20.059764309764308
2019-11-15,20.32239057239057
2019-11-18,20.435185185185183
2019-11-19,20.367003367003367
2019-11-20,20.106060606060606
2019-11-21,20.006734006734007
2019-11-22,19.987373737373733
2019-11-25,20.37373737373737
2019-11-26,20.198653198653197
2019-11-27,20.497474747474744
2019-11-29,20.447811447811446
2019-12-02,20.187710437710436
2019-12-03,19.79124579124579
2019-12-04,19.984006734006734
2019-12-05,20.307239057239055
2019-12-06,20.73905723905724
2019-12-09,20.420033670033668
2019-12-10,20.5513468013468
2019-12-11,20.744107744107744
2019-12-12,20.80218855218855
2019-12-13,21.112794612794612
2019-12-16,21.50925925925926
2019-12-17,21.555555555555554
2019-12-18,21.49915824915825
2019-12-19,21.52272727272727
2019-12-20,21.473905723905723
2019-12-23,21.857744107744107
2019-12-24,21.880471380471377
2019-12-26,22.35521885521885
2019-12-27,22.345959595959595
2019-12-30,22.49074074074074
2019-12-31,22.670033670033668
2020-01-02,23.23400673400673
2020-01-03,22.988215488215488
2020-01-06,23.18771043771044
2020-01-07,23.069023569023567
2020-01-08,23.473063973063972
2020-01-09,24.015151515151516
2020-01-10,24.074074074074073
2020-01-13,24.63215488215488
2020-01-14,24.271885521885523
2020-01-15,24.159090909090907
2020-01-16,24.487373737373737
2020-01-17,24.78114478114478
2020-01-21,24.5993265993266
2020-01-22,24.694444444444443
2020-01-23,24.823232323232318
2020-01-24,24.745791245791246
2020-01-27,23.957912457912457
2020-01-28,24.693602693602692
2020-01-29,25.253367003367
2020-01-30,25.213804713804713
2020-01-31,24.005050505050505
2020-02-03,23.93350168350168
2020-02-04,24.79124579124579
2020-02-05,25.01010101010101
2020-02-06,25.326599326599325
2020-02-07,24.955387205387208
2020-02-10,25.083333333333332
2020-02-11,24.920033670033668
2020-02-12,25.558922558922557
2020-02-13,25.362794612794612
2020-02-14,25.369528619528616
2020-02-18,24.86868686868687
2020-02-19,25.257575757575758
2020-02-20,24.978114478114477
2020-02-21,24.367845117845118
2020-02-24,23.116161616161616
2020-02-25,22.265993265993263
2020-02-26,22.650673400673398
2020-02-27,21.040404040404038
2020-02-28,21.026936026936028
2020-03-02,23.169191919191917
2020-03-03,22.370370370370367
2020-03-04,23.5
2020-03-05,22.673400673400675
2020-03-06,22.345959595959595
2020-03-09,20.421717171717173
2020-03-10,22.035353535353533
2020-03-11,21.20117845117845
2020-03-12,18.91161616161616
2020-03-13,21.414983164983163
2020-03-16,18.404882154882156
2020-03-17,19.301346801346803
2020-03-18,18.78030303030303
2020-03-19,18.62121212121212
2020-03-20,17.31313131313131
2020-03-23,16.903198653198654
2020-03-24,18.797979797979796
2020-03-25,18.68350168350168
2020-03-26,19.771043771043768
2020-03-27,18.87037037037037
2020-03-30,19.465488215488215
2020-03-31,19.42171717171717
2020-04-01,18.295454545454543
2020-04-02,18.633838383838384
2020-04-03,18.337542087542086
2020-04-06,20.11026936026936
2020-04-07,19.854377104377104
2020-04-08,20.41329966329966
2020-04-09,20.574915824915823
2020-04-13,21.017676767676765
2020-04-14,22.179292929292927
2020-04-15,21.958754208754208
2020-04-16,22.148989898989896
2020-04-17,21.82154882154882
2020-04-20,21.327441077441076
2020-04-21,20.606902356902356
2020-04-22,21.257575757575754
2020-04-23,21.167508417508415
2020-04-24,21.83585858585859
2020-04-27,21.852693602693602
2020-04-28,21.466329966329965
2020-04-29,22.236531986531986
2020-04-30,22.747474747474747
2020-05-01,22.3493265993266
2020-05-04,22.693602693602696
2020-05-05,23.063973063973062
2020-05-06,23.32239057239057
2020-05-07,23.584175084175083
2020-05-08,24.19107744107744
2020-05-11,24.601851851851848
2020-05-12,24.29882154882155
2020-05-13,23.982323232323232
2020-05-14,24.141414141414142
2020-05-15,23.987373737373737
2020-05-18,24.597643097643097
2020-05-19,24.44444444444444
2020-05-20,24.957070707070706
2020-05-21,24.756734006734007
2020-05-22,24.928451178451176
2020-05-26,24.746632996632997
2020-05-27,24.862794612794612
2020-05-28,24.87457912457912
2020-05-29,24.848484848484844
2020-06-01,25.177609427609426
2020-06-02,25.303030303030305
2020-06-03,25.45286195286195
2020-06-04,25.217171717171713
2020-06-05,25.989898989898986
2020-06-08,26.154882154882156
2020-06-09,27.04124579124579
2020-06-10,27.786195286195287
2020-06-11,26.36026936026936
2020-06-12,26.604377104377104
2020-06-15,26.957070707070706
2020-06-16,27.722222222222218
2020-06-17,27.680976430976433
2020-06-18,27.69276094276094
2020-06-19,27.523569023569024
2020-06-22,28.29377104377104
2020-06-23,28.938552188552187
2020-06-24,28.39393939393939
2020-06-25,28.796296296296298
2020-06-26,27.8526936026936
2020-06-29,28.53872053872054
2020-06-30,28.79292929292929
2020-07-01,28.734848484848484
2020-07-02,28.734848484848484
2020-07-06,29.554713804713803
2020-07-07,29.457070707070706
2020-07-08,30.187710437710436
2020-07-09,30.30218855218855
2020-07-10,30.38215488215488
2020-07-13,30.233164983164983
2020-07-14,30.765151515151516
2020-07-15,30.98989898989899
2020-07-16,30.585016835016834
2020-07-17,30.519360269360266
2020-07-20,31.20286195286195
2020-07-21,30.745791245791242
2020-07-22,30.837542087542086
2020-07-23,29.346801346801342
2020-07-24,29.26936026936027
2020-07-27,30.008417508417505
2020-07-28,29.48400673400673
2020-07-29,30.085858585858585
2020-07-30,30.47306397306397
2020-07-31,33.86363636363636
2020-08-03,34.765151515151516
2020-08-04,35.01010101010101
2020-08-05,35.14393939393939
2020-08-06,36.436868686868685
2020-08-07,35.56649831649831
2020-08-10,36.110269360269356
2020-08-11,34.98148148148148
2020-08-12,36.205387205387204
2020-08-13,36.878787878787875
2020-08-14,36.84427609427609
2020-08-17,36.74326599326599
2020-08-18,37.06481481481481
2020-08-19,37.11363636363636
2020-08-20,37.97811447811448
2020-08-21,40.03030303030303
2020-08-24,40.531144781144775
2020-08-25,40.18350168350168
2020-08-26,40.755050505050505
2020-08-27,40.245791245791246
2020-08-28,40.177609427609426
2020-08-31,41.6026936026936
2020-09-01,43.33333333333333
2020-09-02,42.397306397306394
2020-09-03,38.85521885521885
2020-09-04,38.88215488215488
2020-09-08,36.14141414141414
2020-09-09,37.656565656565654
2020-09-10,36.36700336700336
2020-09-11,35.86531986531986
2020-09-14,36.99663299663299
2020-09-15,37.05723905723906
2020-09-16,35.90909090909091
2020-09-17,35.3063973063973
2020-09-18,34.127946127946124
2020-09-21,35.21885521885522
2020-09-22,35.801346801346796
2020-09-23,34.22222222222222
2020-09-24,34.59259259259259
2020-09-25,35.95959595959596
2020-09-28,36.86195286195286
2020-09-29,36.569023569023564
2020-09-30,37.148148148148145
2020-10-01,33.9359756097561
2020-10-02,32.78658536585366
2020-10-05,33.84756097560976
2020-10-06,32.82926829268293
2020-10-07,33.41463414634146
2020-10-08,33.38109756097561
2020-10-09,33.99085365853659
2020-10-12,36.25609756097561
2020-10-13,35.25
2020-10-14,35.27743902439025
2020-10-15,35.13109756097561
2020-10-16,34.61585365853659
2020-10-19,33.6890243902439
2020-10-20,34.15548780487805
2020-10-21,33.96036585365854
2020-10-22,33.61890243902439
2020-10-23,33.40243902439025
2020-10-26,33.40548780487805
2020-10-27,33.87804878048781
2020-10-28,32.23170731707317
2020-10-29,33.487804878048784
2020-10-30,31.51829268292683
2020-11-02,31.49085365853659
2020-11-03,32.0
2020-11-04,33.375
2020-11-05,34.61890243902439
2020-11-06,34.57774390243903
2020-11-09,33.85518292682927
2020-11-10,33.7484756097561
2020-11-11,34.82164634146342
2020-11-12,34.73628048780488
2020-11-13,34.7515243902439
2020-11-16,35.06859756097561
2020-11-17,34.791158536585364
2020-11-18,34.3765243902439
2020-11-19,34.5625
2020-11-20,34.166158536585364
2020-11-23,33.10213414634146
2020-11-24,33.50457317073171
2020-11-25,33.766768292682926
2020-11-27,33.9375
2020-11-30,34.68750000000001
2020-12-01,35.80640243902439
2020-12-02,35.91615853658537
2020-12-03,35.8734756097561
2020-12-04,35.66310975609756
2020-12-07,36.12042682926829
2020-12-08,36.3125
2020-12-09,35.519817073170735
2020-12-10,35.96493902439025
2020-12-11,35.711890243902445
2020-12-14,35.519817073170735
2020-12-15,37.37957317073171
2020-12-16,37.358231707317074
2020-12-17,37.62957317073171
2020-12-18,37.00762195121952
2020-12-21,37.486280487804876
2020-12-22,38.59908536585366
2020-12-23,38.31859756097561
2020-12-24,38.6265243902439
2020-12-28,40.0655487804878
2020-12-29,39.51067073170732
2020-12-30,39.16006097560976
2020-12-31,38.84603658536586
2021-01-04,37.84603658536586
2021-01-05,38.333841463414636
2021-01-06,36.989329268292686
2021-01-07,38.30640243902439
2021-01-08,38.650914634146346
2021-01-11,37.71493902439025
2021-01-12,37.66006097560976
2021-01-13,38.297256097560975
2021-01-14,37.69359756097561
2021-01-15,37.15396341463415
2021-01-19,37.364329268292686
2021-01-20,38.644817073170735
2021-01-21,40.1204268292683
2021-01-22,40.791158536585364
2021-01-25,41.96493902439025
2021-01-26,42.03810975609756
2021-01-27,41.702743902439025
2021-01-28,40.1875
2021-01-29,38.6234756097561
2021-02-01,39.28810975609757
2021-02-02,39.54725609756098
2021-02-03,39.22713414634146
2021-02-04,40.27896341463415
2021-02-05,40.14939024390244
2021-02-08,40.19512195121951
2021-02-09,39.920731707317074
2021-02-10,39.73170731707317
2021-02-11,39.65243902439025
2021-02-12,39.72560975609757
2021-02-16,39.0609756097561
2021-02-17,38.34451219512195
2021-02-18,38.0
2021-02-19,38.048780487804876
2021-02-22,36.868902439024396
2021-02-23,36.826219512195124
2021-02-24,36.670731707317074
2021-02-25,35.34146341463415
2021-02-26,35.423780487804876
2021-03-01,37.41463414634146
2021-03-02,36.60060975609756
2021-03-03,35.66768292682927
2021-03-04,35.07926829268293
2021-03-05,35.47256097560976
2021-03-08,33.929878048780495
2021-03-09,35.368902439024396
2021-03-10,35.03353658536585
2021-03-11,35.63719512195122
2021-03-12,35.353658536585364
2021-03-15,36.25609756097561
2021-03-16,36.737804878048784
2021-03-17,36.49085365853659
2021-03-18,35.201219512195124
2021-03-19,35.03658536585366
2021-03-22,36.073170731707314
2021-03-23,35.8140243902439
2021-03-24,35.06707317073171
2021-03-25,35.21951219512195
2021-03-26,35.40853658536586
2021-03-29,35.46341463414634
2021-03-30,35.00914634146341
2021-03-31,35.69512195121951
2021-04-01,35.95426829268293
2021-04-05,36.838414634146346
2021-04-06,36.9329268292683
2021-04-07,37.44817073170732
2021-04-08,38.19817073170732
2021-04-09,39.00304878048781
2021-04-12,38.46646341463415
2021-04-13,39.43902439024391
2021-04-14,38.707317073170735
2021-04-15,39.460365853658544
2021-04-16,39.35670731707317
2021-04-19,39.56402439024391
2021-04-20,39.03658536585366
2021-04-21,39.15548780487806
2021-04-22,38.679878048780495
2021-04-23,39.40548780487805
2021-04-26,39.52743902439025
2021-04-27,39.426829268292686
2021-04-28,39.17987804878049
2021-04-29,39.14939024390244
2021-04-30,38.53353658536586
2021-05-03,38.862804878048784
2021-05-04,37.4329268292683
2021-05-05,37.50914634146342
2021-05-06,38.00914634146342
2021-05-07,38.21951219512195
2021-05-10,37.19512195121951
2021-05-11,36.90853658536586
2021-05-12,35.951219512195124
2021-05-13,36.6219512195122
2021-05-14,37.3780487804878
2021-05-17,37.018292682926834
2021-05-18,36.58536585365854
2021-05-19,36.53658536585366
2021-05-20,37.33536585365854
2021-05-21,36.76219512195122
2021-05-24,37.271341463414636
2021-05-25,37.21036585365854
2021-05-26,37.19512195121951
2021-05-27,36.71646341463415
2021-05-28,36.51219512195122
2021-06-01,36.41158536585366
2021-06-02,36.64939024390244
2021-06-03,36.1859756097561
2021-06-04,36.90243902439025
2021-06-07,36.90548780487805
2021-06-08,37.16158536585366
2021-06-09,37.28048780487805
2021-06-10,36.96951219512196
2021-06-11,37.34756097560976
2021-06-14,38.301829268292686
2021-06-15,38.045731707317074
2021-06-16,38.201219512195124
2021-06-17,38.701219512195124
2021-06-18,38.295731707317074
2021-06-21,38.85670731707317
2021-06-22,39.36890243902439
2021-06-23,39.28353658536585
2021-06-24,39.19512195121951
2021-06-25,39.103658536585364
2021-06-28,39.612804878048784
2021-06-29,40.08536585365854
2021-06-30,40.27743902439025
2021-07-01,40.37195121951219
2021-07-02,41.19207317073172
2021-07-06,41.82012195121951
2021-07-07,42.59756097560976
2021-07-08,42.1920731707317
2021-07-09,42.76219512195122
2021-07-12,42.576219512195124
2021-07-13,42.923780487804876
2021-07-14,43.993902439024396
2021-07-15,43.78963414634146
2021-07-16,43.15243902439025
2021-07-19,41.951219512195124
2021-07-20,43.07926829268293
2021-07-21,42.85060975609757
2021-07-22,43.27743902439024
2021-07-23,43.81402439024391
2021-07-26,43.94512195121951
2021-07-27,43.26829268292683
2021-07-28,42.72256097560976
2021-07-29,42.923780487804876
2021-07-30,42.99085365853659
2021-08-02,42.887195121951216
2021-08-03,43.448170731707314
2021-08-04,43.323170731707314
2021-08-05,43.35670731707317
2021-08-06,43.14329268292683
2021-08-09,43.12804878048781
2021-08-10,42.97865853658537
2021-08-11,43.05792682926829
2021-08-12,43.98170731707317
2021-08-13,44.045731707317074
2021-08-16,44.66158536585366
2021-08-17,44.37804878048781
2021-08-18,43.21036585365854
2021-08-19,43.3140243902439
2021-08-20,43.768292682926834
2021-08-23,44.23170731707318
2021-08-24,44.20426829268293
2021-08-25,43.82012195121951
2021-08-26,43.57012195121951
2021-08-27,43.893292682926834
2021-08-30,45.27134146341464
2021-08-31,44.8780487804878
2021-09-01,45.08536585365854
2021-09-02,45.4329268292683
2021-09-03,45.63109756097561
2021-09-07,46.35975609756098
2021-09-08,45.8780487804878
2021-09-09,45.5609756097561
2021-09-10,44.00609756097561
2021-09-13,44.18292682926829
2021-09-14,43.7469512195122
2021-09-15,44.024390243902445
2021-09-16,43.951219512195124
2021-09-17,43.118902439024396
2021-09-20,42.16768292682927
2021-09-21,42.31707317073171
2021-09-22,43.05487804878049
2021-09-23,43.353658536585364
2021-09-24,43.38109756097561
2021-09-27,42.90853658536586
2021-09-28,41.85365853658537
2021-09-29,42.13414634146341
2021-09-30,41.72865853658537
2021-10-01,24.602495543672013
2021-10-04,23.97682709447415
2021-10-05,24.327985739750442
2021-10-06,24.48663101604278
2021-10-07,24.71657754010695
2021-10-08,24.647058823529413
2021-10-11,24.631016042780747
2021-10-12,24.39928698752228
2021-10-13,24.292335115864528
2021-10-14,24.800356506238856
2021-10-15,24.992869875222816
2021-10-18,25.29768270944741
2021-10-19,25.691622103386806
2021-10-20,25.7807486631016
2021-10-21,25.81996434937611
2021-10-22,25.67914438502674
2021-10-25,25.670231729055256
2021-10-26,25.791443850267378
2021-10-27,25.707664884135472
2021-10-28,26.370766488413544
2021-10-29,25.877005347593578
2021-11-01,25.727272727272727
2021-11-02,25.916221033868087
2021-11-03,26.17825311942959
2021-11-04,26.08377896613191
2021-11-05,26.180035650623886
2021-11-08,26.030303030303028
2021-11-09,26.09625668449198
2021-11-10,25.58110516934046
2021-11-11,25.572192513368982
2021-11-12,25.950089126559714
2021-11-15,25.95187165775401
2021-11-16,26.1301247771836
2021-11-17,26.57397504456328
2021-11-18,27.354723707664885
2021-11-19,27.83244206773618
2021-11-22,27.916221033868094
2021-11-23,27.98573975044563
2021-11-24,28.080213903743314
2021-11-26,27.165775401069517
2021-11-29,27.777183600713013
2021-11-30,28.679144385026735
2021-12-01,28.584670231729056
2021-12-02,28.404634581105167
2021-12-03,28.062388591800357
2021-12-06,28.682709447415327
2021-12-07,29.727272727272727
2021-12-08,30.422459893048124
2021-12-09,30.32976827094474
2021-12-10,31.201426024955435
2021-12-13,30.540106951871657
2021-12-14,30.288770053475933
2021-12-15,31.174688057040996
2021-12-16,29.919786096256683
2021-12-17,29.72014260249554
2021-12-20,29.472370766488414
2021-12-21,30.049910873440286
2021-12-22,30.522281639928696
2021-12-23,30.636363636363637
2021-12-27,31.358288770053473
2021-12-28,31.1729055258467
2021-12-29,31.188948306595364
2021-12-30,30.978609625668447
2021-12-31,30.866310160427805
2022-01-03,31.657754010695186
2022-01-04,31.24598930481283
2022-01-05,30.39393939393939
2022-01-06,29.87344028520499
2022-01-07,29.903743315508017
2022-01-10,29.907308377896612
2022-01-11,30.422459893048124
2022-01-12,30.50267379679144
2022-01-13,29.907308377896612
2022-01-14,30.06417112299465
2022-01-18,29.48128342245989
2022-01-19,28.844919786096252
2022-01-20,28.53832442067736
2022-01-21,28.163992869875223
2022-01-24,28.023172905525847
2022-01-25,27.6951871657754
2022-01-26,27.679144385026735
2022-01-27,27.59536541889483
2022-01-28,29.57575757575757
2022-01-31,30.36898395721925
2022-02-01,30.33868092691622
2022-02-02,30.557932263814617
2022-02-03,30.033868092691623
2022-02-04,29.982174688057036
2022-02-07,29.85204991087344
2022-02-08,30.417112299465238
2022-02-09,30.675579322638146
2022-02-10,29.93404634581105
2022-02-11,29.313725490196074
2022-02-14,29.35650623885918
2022-02-15,30.053475935828875
2022-02-16,30.010695187165776
2022-02-17,29.35650623885918
2022-02-18,29.074866310160427
2022-02-22,28.543672014260245
2022-02-23,27.78609625668449
2022-02-24,28.262032085561497
2022-02-25,28.63814616755793
2022-02-28,28.686274509803923
2022-03-01,28.344028520499105
2022-03-02,28.94295900178253
2022-03-03,28.88413547237076
2022-03-04,28.33868092691622
2022-03-07,27.648841354723707
2022-03-08,27.31729055258467
2022-03-09,28.29946524064171
2022-03-10,27.50980392156863
2022-03-11,26.83422459893048
2022-03-14,26.101604278074866
2022-03-15,26.898395721925134
2022-03-16,27.700534759358288
2022-03-17,27.884135472370765
2022-03-18,28.483065953654187
2022-03-21,28.732620320855613
2022-03-22,29.345811051693403
2022-03-23,29.593582887700535
2022-03-24,30.28163992869875
2022-03-25,30.397504456327983
2022-03-28,30.55436720142602
2022-03-29,31.153297682709447
2022-03-30,30.941176470588236
2022-03-31,30.377896613190728
2022-04-01,30.324420677361854
2022-04-04,31.06060606060606
2022-04-05,30.458110516934045
2022-04-06,29.882352941176467
2022-04-07,29.93761140819964
2022-04-08,29.572192513368982
2022-04-11,28.79857397504456
2022-04-12,29.139037433155078
2022-04-13,29.627450980392158
2022-04-14,28.71657754010695
2022-04-18,28.67736185383244
2022-04-19,29.092691622103388
2022-04-20,29.062388591800353
2022-04-21,28.918003565062385
2022-04-22,28.092691622103384
2022-04-25,28.28698752228164
2022-04-26,27.203208556149733
2022-04-27,27.162210338680925
2022-04-28,28.422459893048124
2022-04-29,27.354723707664885
2022-05-02,27.409982174688057
2022-05-03,27.68092691622103
2022-05-04,28.846702317290553
2022-05-05,27.197860962566846
2022-05-06,27.32976827094474
2022-05-09,26.39928698752228
2022-05-10,26.836007130124777
2022-05-11,25.40819964349376
2022-05-12,24.705882352941174
2022-05-13,25.51693404634581
2022-05-16,25.237076648841356
2022-05-17,25.896613190730836
2022-05-18,24.395721925133692
2022-05-19,23.77718360071301
2022-05-20,23.81996434937611
2022-05-23,24.80392156862745
2022-05-24,24.313725490196077
2022-05-25,24.34224598930481
2022-05-26,24.923351158645275
2022-05-27,25.967914438502675
2022-05-31,25.825311942959
2022-06-01,25.802139037433154
2022-06-02,26.24777183600713
2022-06-03,25.208556149732615
2022-06-06,25.34402852049911
2022-06-07,25.802139037433154
2022-06-08,25.668449197860962
2022-06-09,24.720142602495542
2022-06-10,23.7379679144385
2022-06-13,22.802139037433154
2022-06-14,22.959001782531196
2022-06-15,23.4349376114082
2022-06-16,22.4777183600713
2022-06-17,22.745098039215684
2022-06-21,23.513368983957218
2022-06-22,23.42067736185383
2022-06-23,23.941176470588236
2022-06-24,24.545454545454543
2022-06-27,24.545454545454543
2022-06-28,23.793226381461672
2022-06-29,24.112299465240643
2022-06-30,23.664884135472366
2022-07-01,24.058823529411764
2022-07-05,24.527629233511583
2022-07-06,24.77005347593583
2022-07-07,25.38146167557932
2022-07-08,25.50445632798574
2022-07-11,25.11764705882353
2022-07-12,25.294117647058822
2022-07-13,25.228163992869874
2022-07-14,25.759358288770052
2022-07-15,26.062388591800357
2022-07-18,25.50980392156863
2022-07-19,26.210338680926913
2022-07-20,26.57397504456328
2022-07-21,26.985739750445628
2022-07-22,26.761140819964346
2022-07-25,26.557932263814617
2022-07-26,26.317290552584666
2022-07-27,27.242424242424242
2022-07-28,27.342245989304807
2022-07-29,28.262032085561497
2022-08-01,28.08377896613191
2022-08-02,27.816399286987522
2022-08-03,28.90730837789661
2022-08-04,28.850267379679142
2022-08-05,28.809269162210338
2022-08-08,28.72370766488413
2022-08-09,28.732620320855613
2022-08-10,29.50267379679144
2022-08-11,29.36898395721925
2022-08-12,30.01247771836007
2022-08-15,30.206773618538325
2022-08-16,30.17825311942959
2022-08-17,30.449197860962563
2022-08-18,30.377896613190728
2022-08-19,29.909090909090907
2022-08-22,29.204991087344027
2022-08-23,29.144385026737964
2022-08-24,29.197860962566846
2022-08-25,29.64349376114082
2022-08-26,28.500891265597144
2022-08-29,28.101604278074866
2022-08-30,27.661319073083778
2022-08-31,27.36007130124777
2022-09-01,27.491978609625665
2022-09-02,27.10873440285205
2022-09-06,26.880570409982177
2022-09-07,27.135472370766486
2022-09-08,26.8680926916221
2022-09-09,27.386809269162207
2022-09-12,28.467023172905524
2022-09-13,26.757575757575758
2022-09-14,27.019607843137255
2022-09-15,26.495543672014257
2022-09-16,26.197860962566843
2022-09-19,26.871657754010695
2022-09-20,27.3030303030303
2022-09-21,26.736185383244205
2022-09-22,26.561497326203206
2022-09-23,26.14973262032085
2022-09-26,26.210338680926913
2022-09-27,26.38680926916221
2022-09-28,26.0445632798574
2022-09-29,24.732620320855613
2022-09-30,23.96969696969697
2022-10-03,22.703764320785595
2022-10-04,23.30114566284779
2022-10-05,23.350245499181668
2022-10-06,23.191489361702125
2022-10-07,22.317512274959086
2022-10-10,22.37152209492635
2022-10-11,22.13584288052373
2022-10-12,22.03109656301146
2022-10-13,22.792144026186577
2022-10-14,22.037643207855975
2022-10-17,22.69721767594108
2022-10-18,22.916530278232408
2022-10-19,22.934533551554825
2022-10-20,22.85761047463175
2022-10-21,23.492635024549916
2022-10-24,23.849427168576103
2022-10-25,24.32242225859247
2022-10-26,23.83306055646481
2022-10-27,23.08837970540098
2022-10-28,24.87888707037643
2022-10-31,24.486088379705404
2022-11-01,24.045826513911617
2022-11-02,23.126022913256957
2022-11-03,22.119476268412438
2022-11-04,22.075286415711947
2022-11-07,22.163666121112925
2022-11-08,22.258592471358426
2022-11-09,21.500818330605565
2022-11-10,23.46481178396072
2022-11-11,23.92798690671031
2022-11-14,23.69558101472995
2022-11-15,23.983633387888705
2022-11-16,23.779050736497542
2022-11-17,24.094926350245498
2022-11-18,24.188216039279865
2022-11-21,23.65139116202946
2022-11-22,24.006546644844516
2022-11-23,24.152209492635023
2022-11-25,23.667757774140753
2022-11-28,23.031096563011456
2022-11-29,22.531914893617017
2022-11-30,23.654664484451718
2022-12-01,23.70049099836334
2022-12-02,23.618657937806873
2022-12-05,23.425531914893615
2022-12-06,22.816693944353517
2022-12-07,22.494271685761046
2022-12-08,22.774140752864156
2022-12-09,22.69394435351882
2022-12-12,23.075286415711947
2022-12-13,23.235679214402616
2022-12-14,22.865793780687397
2022-12-15,21.76759410801964
2022-12-16,21.441898527004906
2022-12-19,21.09165302782324
2022-12-20,21.080196399345336
2022-12-21,21.595744680851062
2022-12-22,21.068739770867428
2022-12-23,21.00818330605565
2022-12-27,20.708674304418984
2022-12-28,20.055646481178396
2022-12-29,20.639934533551553
2022-12-30,20.692307692307693
2023-01-03,19.896890343698853
2023-01-04,20.108019639934533
2023-01-05,19.888707037643208
2023-01-06,20.641571194762683
2023-01-09,20.728314238952535
2023-01-10,20.823240589198036
2023-01-11,21.27495908346972
2023-01-12,21.261865793780686
2023-01-13,21.48281505728314
2023-01-17,21.6759410801964
2023-01-18,21.55646481178396
2023-01-19,21.566284779050736
2023-01-20,21.991816693944354
2023-01-23,22.522094926350245
2023-01-24,22.754500818330605
2023-01-25,22.644844517184943
2023-01-26,22.988543371522095
2023-01-27,23.310965630114566
2023-01-30,22.831423895253682
2023-01-31,23.042553191489358
2023-02-01,23.2291325695581
2023-02-02,24.11129296235679
2023-02-03,24.71358428805237
2023-02-06,24.260229132569556
2023-02-07,24.73813420621931
2023-02-08,24.291325695581012
2023-02-09,24.119476268412438
2023-02-10,24.180032733224223
2023-02-13,24.644844517184943
2023-02-14,24.538461538461537
2023-02-15,24.887070376432078
2023-02-16,24.621931260229132
2023-02-17,24.432078559738134
2023-02-21,23.76595744680851
2023-02-22,23.836333878887068
2023-02-23,23.916530278232404
2023-02-24,23.476268412438625
2023-02-27,23.67430441898527
2023-02-28,23.590834697217673
2023-03-01,23.24713584288052
2023-03-02,23.34533551554828
2023-03-03,24.18330605564648
2023-03-06,24.641571194762683
2023-03-07,24.27659574468085
2023-03-08,24.48445171849427
2023-03-09,24.11129296235679
2023-03-10,23.769230769230766
2023-03-13,24.091653027823238
2023-03-14,24.43862520458265
2023-03-15,24.50409165302782
2023-03-16,24.972176759410804
2023-03-17,24.833060556464808
2023-03-20,25.22585924713584
2023-03-21,25.533551554828147
2023-03-22,25.2962356792144
2023-03-23,25.476268412438625
2023-03-24,25.69230769230769
2023-03-27,25.36988543371522
2023-03-28,25.26677577741407
2023-03-29,25.777414075286416
2023-03-30,26.03764320785597
2023-03-31,26.453355155482814
2023-04-03,26.661211129296234
2023-04-04,26.572831423895256
2023-04-05,26.266775777414075
2023-04-06,26.41407528641571
2023-04-10,25.983633387888705
2023-04-11,25.7823240589198
2023-04-12,25.667757774140753
2023-04-13,26.561374795417347
2023-04-14,26.50409165302782
2023-04-17,26.50736497545008
2023-04-18,26.71031096563011
2023-04-19,26.900163666121113
2023-04-20,26.73977086743044
2023-04-21,26.472995090016365
2023-04-24,26.523731587561375
2023-04-25,26.2684124386252
2023-04-26,26.266775777414075
2023-04-27,27.027823240589193
2023-04-28,27.235679214402616
2023-05-01,27.22094926350245
2023-05-02,27.04909983633388
2023-05-03,26.870703764320787
2023-05-04,26.599018003273322
2023-05-05,27.872340425531917
2023-05-08,27.860883797054008
2023-05-09,27.57774140752864
2023-05-10,27.870703764320783
2023-05-11,27.90180032733224
2023-05-12,27.747954173486086
2023-05-15,27.66612111292962
2023-05-16,27.66612111292962
2023-05-17,27.767594108019637
2023-05-18,28.153846153846153
2023-05-19,28.171849427168574
2023-05-22,28.01472995090016
2023-05-23,27.582651391162027
2023-05-24,27.628477905073648
2023-05-25,27.816693944353517
2023-05-26,28.216039279869065
2023-05-30,28.522094926350245
2023-05-31,28.513911620294596
2023-06-01,28.97872340425532
2023-06-02,29.119476268412434
2023-06-05,28.895253682487727
2023-06-06,28.83469721767594
2023-06-07,28.607201309328968
2023-06-08,29.057283142389522
2023-06-09,29.121112929623568
2023-06-12,29.584288052373157
2023-06-13,29.50572831423895
2023-06-14,29.610474631751224
2023-06-15,29.94762684124386
2023-06-16,29.769230769230766
2023-06-20,29.78396072013093
2023-06-21,29.612111292962357
2023-06-22,30.109656301145662
2023-06-23,30.057283142389526
2023-06-26,29.826513911620296
2023-06-27,30.283142389525366
2023-06-28,30.47790507364975
2023-06-29,30.53355155482815
2023-06-30,31.25040916530278
2023-07-03,31.00327332242226
2023-07-05,30.818330605564647
2023-07-06,30.896890343698853
2023-07-07,30.711947626841244
2023-07-10,30.37315875613748
2023-07-11,30.286415711947626
2023-07-12,30.563011456628477
2023-07-13,30.68903436988543
2023-07-14,30.71358428805237
2023-07-17,31.25368248772504
2023-07-18,31.211129296235676
2023-07-19,31.43535188216039
2023-07-20,31.11292962356792
2023-07-21,30.918166939443534
2023-07-24,31.050736497545007
2023-07-25,31.193126022913255
2023-07-26,31.337152209492633
2023-07-27,31.127659574468083
2023-07-28,31.55482815057283
2023-07-31,31.656301145662844
2023-08-01,31.518821603927986
2023-08-02,31.02291325695581
2023-08-03,30.792144026186577
2023-08-04,29.289689034369886
2023-08-07,28.775777414075282
2023-08-08,28.93126022913257
2023-08-09,28.66775777414075
2023-08-10,28.631751227495908
2023-08-11,28.641571194762683
2023-08-14,28.914893617021274
2023-08-15,28.585924713584287
2023-08-16,28.44189852700491
2023-08-17,28.02127659574468
2023-08-18,28.101472995090013
2023-08-21,28.32242225859247
2023-08-22,28.54991816693944
2023-08-23,29.18657937806874
2023-08-24,28.410801963993453
2023-08-25,28.775777414075282
2023-08-28,29.034369885433716
2023-08-29,29.67757774140753
2023-08-30,30.25531914893617
2023-08-31,30.291325695581016
2023-09-01,30.551554828150568
2023-09-05,30.590834697217673
2023-09-06,29.479541734860884
2023-09-07,28.60392798690671
2023-09-08,28.70540098199672
2023-09-11,28.89852700490998
2023-09-12,28.397708674304415
2023-09-13,28.055646481178393
2023-09-14,28.306055646481177
2023-09-15,28.18657937806874
2023-09-18,28.67103109656301
2023-09-19,28.851063829787233
2023-09-20,28.265139116202942
2023-09-21,28.009819967266772
2023-09-22,28.150572831423894
2023-09-25,28.361702127659573
2023-09-26,27.6873977086743
2023-09-27,27.43698854337152
2023-09-28,27.479541734860884
2023-09-29,27.564648117839603
2023-10-02,27.889070146818923
2023-10-03,27.668841761827082
2023-10-04,27.874388254486135
2023-10-05,28.07830342577488
2023-10-06,28.499184339314844
2023-10-09,28.743882544861336
2023-10-10,28.64600326264274
2023-10-11,28.876019575856443
2023-10-12,29.024469820554646
2023-10-13,28.721044045677
2023-10-16,28.69983686786297
2023-10-17,28.44371941272431
2023-10-18,28.230016313213707
2023-10-19,28.168026101141923
2023-10-20,27.74714518760196
2023-10-23,27.766721044045678
2023-10-24,27.838499184339316
2023-10-25,27.456769983686787
2023-10-26,26.769983686786297
2023-10-27,26.986949429037523
2023-10-30,27.32463295269168
2023-10-31,27.402936378466556
2023-11-01,27.924959216965743
2023-11-02,28.512234910277325
2023-11-03,28.362153344208814
2023-11-06,28.783034257748778
2023-11-07,29.205546492659053
2023-11-08,29.380097879282218
2023-11-09,29.30179445350734
2023-11-10,29.99184339314845
2023-11-13,29.73083197389886
2023-11-14,30.161500815660684
2023-11-15,30.254486133768353
2023-11-16,30.531810766721044
2023-11-17,30.52854812398042
2023-11-20,30.815660685154977
2023-11-21,30.68352365415987
2023-11-22,30.792822185970635
2023-11-24,30.5742251223491
2023-11-27,30.544861337683525
2023-11-28,30.644371941272432
2023-11-29,30.476345840130506
2023-11-30,30.570962479608486
2023-12-01,30.781402936378466
2023-12-04,30.486133768352364
2023-12-05,31.137030995106038
2023-12-06,30.957585644371942
2023-12-07,31.275693311582383
2023-12-08,31.510603588907014
2023-12-11,31.097879282218596
2023-12-12,31.347471451876018
2023-12-13,31.877650897226754
2023-12-14,31.902120717781404
2023-12-15,31.814029363784666
2023-12-18,31.539967373572594
2023-12-19,31.711256117455136
2023-12-20,31.36704730831974
2023-12-21,31.34257748776509
2023-12-22,31.16639477977162
2023-12-26,31.07667210440457
2023-12-27,31.092985318107665
2023-12-28,31.163132137030995
2023-12-29,30.99184339314845
2024-01-02,29.867862969004896
2024-01-03,29.64110929853181
2024-01-04,29.259380097879284
2024-01-05,29.140293637846657
2024-01-08,29.854812398042412
2024-01-09,29.786296900489397
2024-01-10,29.95758564437194
2024-01-11,29.859706362153343
2024-01-12,29.913539967373573
2024-01-16,29.539967373572598
2024-01-17,29.38499184339315
2024-01-18,30.35562805872757
2024-01-19,30.833605220228385
2024-01-22,31.213703099510603
2024-01-23,31.424143556280587
2024-01-24,31.31321370309951
2024-01-25,31.259380097879284
2024-01-26,30.973898858075042
2024-01-29,30.861337683523654
2024-01-30,30.259380097879284
2024-01-31,29.66557911908646
2024-02-01,30.066884176182707
2024-02-02,29.902120717781404
2024-02-05,30.200652528548122
2024-02-06,30.464926590538337
2024-02-07,30.482871125611748
2024-02-08,30.305057096247964
2024-02-09,30.430668841761825
2024-02-12,30.153344208809138
2024-02-13,29.809135399673735
2024-02-14,29.66394779771615
2024-02-15,29.616639477977163
2024-02-16,29.363784665579118
2024-02-20,29.241435562805872
2024-02-21,29.36541598694943
2024-02-22,29.69983686786297
2024-02-23,29.39804241435563
2024-02-26,29.176182707993473
2024-02-27,29.415986949429037
2024-02-28,29.218597063621537
2024-02-29,29.109298531810765
2024-03-01,28.93148450244698
2024-03-04,28.185970636215334
2024-03-05,27.37520391517129
2024-03-06,27.212071778140295
2024-03-07,27.192495921696576
2024-03-08,27.474714518760194
2024-03-11,27.804241435562805
2024-03-12,27.88254486133768
2024-03-13,27.539967373572594
2024-03-14,27.845024469820554
2024-03-15,27.783034257748778
2024-03-18,27.96247960848287
2024-03-19,28.34747145187602
2024-03-20,28.7699836867863
2024-03-21,27.579119086460032
2024-03-22,27.72756933115824
2024-03-25,27.494290375203914
2024-03-26,27.308319738988583
2024-03-27,27.895595432300162
2024-03-28,27.59706362153344
2024-04-01,27.3605220228385
2024-04-02,27.166394779771615
2024-04-03,27.298531810766722
2024-04-04,27.163132137030995
2024-04-05,27.287112561174553
2024-04-08,27.102773246329527
2024-04-09,27.301794453507345
2024-04-10,26.99347471451876
2024-04-11,28.177814029363784
2024-04-12,28.42414355628059
2024-04-15,27.794453507340947
2024-04-16,27.254486133768353
2024-04-17,27.02936378466558
2024-04-18,26.872756933115824
2024-04-19,26.539967373572594
2024-04-22,26.676998368678632
2024-04-23,26.849918433931485
2024-04-24,27.195758564437195
2024-04-25,27.337683523654164
2024-04-26,27.241435562805876
2024-04-29,27.926590538336054
2024-04-30,27.4094616639478
2024-05-01,27.241435562805876
2024-05-02,27.849918433931485
2024-05-03,29.538336052202283
2024-05-06,29.265905383360522
2024-05-07,29.37846655791191
2024-05-08,29.43393148450245
2024-05-09,29.732463295269167
2024-05-10,29.525285481239806
2024-05-13,30.05220228384992
2024-05-14,30.239804241435564
2024-05-15,30.61337683523654
2024-05-16,30.632952691680263
2024-05-17,30.637846655791193
2024-05-20,30.828711256117455
2024-05-21,31.042414355628058
2024-05-22,30.805872756933116
2024-05-23,30.150081566068515
2024-05-24,30.655791190864598
2024-05-28,30.657422512234913
2024-05-29,30.70636215334421
2024-05-30,30.869494290375204
2024-05-31,31.026101141924958
2024-06-03,31.31647634584013
2024-06-04,31.36867862969005
2024-06-05,31.616639477977163
2024-06-06,31.389885807504076
2024-06-07,31.783034257748778
2024-06-10,31.168026101141926
2024-06-11,33.45676998368679
2024-06-12,34.42251223491028
2024-06-13,34.613376835236544
2024-06-14,34.3278955954323
2024-06-17,35.00978792822186
2024-06-18,34.621533442088094
2024-06-20,33.86949429037521
2024-06-21,33.51223491027733
2024-06-24,33.61827079934747
2024-06-25,33.7699836867863
2024-06-26,34.451876019575856
2024-06-27,34.5905383360522
2024-06-28,34.02283849918434
2024-07-01,35.02283849918434
2024-07-02,35.597063621533444
2024-07-03,35.80587275693312
2024-07-05,36.58727569331158
2024-07-08,36.82871125611745
2024-07-09,36.96900489396411
2024-07-10,37.670473083197386
2024-07-11,36.78792822185971
2024-07-12,37.272430668841764
2024-07-15,37.90212071778141
2024-07-16,37.97063621533442
2024-07-17,37.00163132137031
2024-07-18,36.23491027732464
2024-07-19,36.256117455138664
2024-07-22,36.199021207177815
2024-07-23,36.37030995106036
2024-07-24,35.31484502446982
2024-07-25,35.143556280587276
2024-07-26,35.22022838499184
2024-07-29,35.265905383360526
2024-07-30,35.35725938009788
2024-07-31,35.892332789559546
2024-08-01,35.28548123980424
2024-08-02,35.53017944535074
2024-08-05,33.8026101141925
2024-08-06,33.46982055464927
2024-08-07,33.89233278955954
2024-08-08,34.46166394779772
2024-08-09,34.939641109298535
2024-08-12,35.190864600326265
2024-08-13,35.800978792822185
2024-08-14,35.874388254486135
2024-08-15,36.36378466557912
2024-08-16,36.580750407830344
2024-08-19,36.55464926590538
2024-08-20,36.6557911908646
2024-08-21,36.63784665579119
2024-08-22,36.33278955954323
2024-08-23,36.70962479608483
2024-08-26,36.76508972267537
2024-08-27,36.90375203915171
2024-08-28,36.65252854812398
2024-08-29,37.190864600326265
2024-08-30,37.06199021207178
2024-09-03,36.045676998368684
2024-09-04,35.73246329526917
2024-09-05,35.98205546492659
2024-09-06,35.727569331158236
2024-09-09,35.742251223491024
2024-09-10,35.61174551386623
2024-09-11,36.027732463295266
2024-09-12,36.045676998368684
2024-09-13,36.00163132137031
2024-09-16,34.99347471451876
2024-09-17,35.07014681892333
2024-09-18,35.70636215334421
2024-09-19,37.04078303425775
2024-09-20,36.93148450244698
2024-09-23,36.64926590538336
2024-09-24,36.79608482871126
2024-09-25,36.63295269168026
2024-09-26,36.82055464926591
2024-09-27,36.864600326264274
2024-09-30,37.71451876019576
2024-10-01,36.42857142857143
2024-10-02,36.521103896103895
2024-10-03,36.34090909090909
2024-10-04,36.52435064935065
2024-10-07,35.69480519480519
2024-10-08,36.357142857142854
2024-10-09,36.96915584415584
2024-10-10,36.88798701298701
2024-10-11,36.646103896103895
2024-10-14,37.25487012987013
2024-10-15,37.66883116883117
2024-10-16,37.33279220779221
2024-10-17,37.392857142857146
2024-10-18,37.855519480519476
2024-10-21,38.09577922077922
2024-10-22,37.99512987012987
2024-10-23,37.16720779220779
2024-10-24,37.13636363636363
2024-10-25,37.27272727272727
2024-10-28,37.59577922077922
2024-10-29,37.63961038961039
2024-10-30,37.060064935064936
2024-10-31,36.37987012987013
2024-11-01,35.89285714285714
2024-11-04,35.746753246753244
2024-11-05,35.980519480519476
2024-11-06,35.86201298701299
2024-11-07,36.634740259740255
2024-11-08,36.59090909090909
2024-11-11,36.14772727272727
2024-11-12,36.14772727272727
2024-11-13,36.29220779220779
2024-11-14,36.79545454545455
2024-11-15,36.27272727272727
2024-11-18,36.76298701298701
2024-11-19,36.8051948051948
2024-11-20,36.92207792207792
2024-11-21,36.84415584415584
2024-11-22,37.063311688311686
2024-11-25,37.550324675324674
2024-11-26,37.90584415584416
2024-11-27,37.88474025974026
2024-11-29,38.27435064935065
2024-12-02,38.64123376623377
2024-12-03,39.13798701298701
2024-12-04,39.19642857142857
2024-12-05,39.2012987012987
2024-12-06,39.16883116883117
2024-12-09,39.80357142857143
2024-12-10,39.96915584415584
2024-12-11,39.76136363636363
2024-12-12,40.0
2024-12-13,40.0275974025974
2024-12-16,40.5
2024-12-17,40.896103896103895
2024-12-18,40.01461038961039
2024-12-19,40.29707792207792
2024-12-20,41.060064935064936
2024-12-23,41.186688311688314
2024-12-24,41.662337662337656
2024-12-26,41.79545454545454
2024-12-27,41.23863636363636
2024-12-30,40.688311688311686
2024-12-31,40.39935064935065
2025-01-02,39.3327922077922
2025-01-03,39.253246753246756
2025-01-06,39.51948051948052
2025-01-07,39.06655844155844
2025-01-08,39.146103896103895
2025-01-10,38.19642857142857
2025-01-13,37.798701298701296
2025-01-14,37.616883116883116
2025-01-15,38.36201298701299
2025-01-16,36.80194805194805
2025-01-17,37.08116883116883
2025-01-21,35.88961038961039
2025-01-22,36.08279220779221
2025-01-23,36.0551948051948
2025-01-24,35.91233766233766
2025-01-27,37.061688311688314
2025-01-28,38.425324675324674
2025-01-29,38.603896103896105
2025-01-30,38.31655844155844
2025-01-31,38.05844155844156
2025-02-03,36.76136363636363
2025-02-04,37.53896103896104
2025-02-05,37.48538961038961
2025-02-06,37.607142857142854
2025-02-07,36.699675324675326
2025-02-10,36.743506493506494
2025-02-11,37.550324675324674
2025-02-12,38.24025974025974
2025-02-13,38.996753246753244
2025-02-14,39.495129870129865
2025-02-18,39.47402597402597
2025-02-19,39.53896103896104
2025-02-20,39.6948051948052
2025-02-21,39.64935064935065
2025-02-24,39.90097402597402
2025-02-25,39.89123376623376
2025-02-26,38.80681818181818
2025-02-27,38.310064935064936
2025-02-28,39.04707792207792
2025-03-03,38.42857142857143
2025-03-04,38.08766233766234
2025-03-05,38.05681818181818
2025-03-06,37.99025974025974
2025-03-07,38.59740259740259
2025-03-10,36.715909090909086
2025-03-11,35.63798701298701
2025-03-12,35.01136363636363
2025-03-13,33.826298701298704
2025-03-14,34.4448051948052
2025-03-17,34.5275974025974
2025-03-18,34.314935064935064
2025-03-19,34.728896103896105
2025-03-20,34.54383116883117
2025-03-21,35.22077922077922
2025-03-24,35.620129870129865
2025-03-25,36.11038961038961
2025-03-26,35.75
2025-03-27,36.12662337662337
2025-03-28,35.160714285714285
2025-03-31,35.84740259740259
2025-04-01,36.01948051948052
2025-04-02,36.133116883116884
2025-04-03,32.77272727272727
2025-04-04,30.36850649350649
2025-04-07,29.24512987012987
2025-04-08,27.777597402597404
2025-04-09,32.06818181818181
2025-04-10,30.699675324675326
2025-04-11,31.954545454545453
2025-04-14,32.66396103896104
2025-04-15,32.60227272727273
2025-04-16,31.324675324675326
2025-04-17,31.764610389610386
2025-04-21,31.144480519480517
2025-04-22,32.21266233766234
2025-04-23,33.00162337662337
2025-04-24,33.61363636363636
2025-04-25,33.76136363636363
2025-04-28,33.90097402597403
2025-04-29,34.074675324675326
2025-04-30,34.28409090909091
2025-05-01,34.41720779220779
2025-05-02,33.12337662337662
2025-05-05,32.074675324675326
2025-05-06,32.01298701298701
2025-05-07,31.646103896103895
2025-05-08,31.8474025974026
2025-05-09,32.01623376623377
2025-05-12,34.048701298701296
2025-05-13,34.396103896103895
2025-05-14,34.298701298701296
2025-05-15,34.15584415584416
2025-05-16,34.125
2025-05-19,33.72240259740259
2025-05-20,33.410714285714285
2025-05-21,32.63636363636363
2025-05-22,32.517857142857146
2025-05-23,31.52922077922078
2025-05-27,32.33116883116883
2025-05-28,32.36525974025974
2025-05-29,32.28896103896104
2025-05-30,32.435064935064936
2025-06-02,32.57305194805195
2025-06-03,32.827922077922075
2025-06-04,32.75487012987013
2025-06-05,32.39935064935065
2025-06-06,32.93344155844156
2025-06-09,32.532467532467535
2025-06-10,32.73051948051948
2025-06-11,32.09902597402597
2025-06-12,32.16720779220779
2025-06-13,31.72077922077922
2025-06-16,32.04058441558441
2025-06-17,31.589285714285715
2025-06-18,31.741883116883116
2025-06-20,32.45941558441558
2025-06-23,32.54058441558441
2025-06-24,32.34577922077922
2025-06-25,32.550324675324674
2025-06-26,32.45941558441558
2025-06-27,32.4724025974026
2025-06-30,33.13636363636363
2025-07-01,33.56655844155844
2025-07-02,34.31655844155844
2025-07-03,34.496753246753244
2025-07-07,33.91233766233766
2025-07-08,33.922077922077925
2025-07-09,34.10551948051948
2025-07-10,34.311688311688314
2025-07-11,34.10876623376623
2025-07-14,33.69642857142857
2025-07-15,33.77597402597402
2025-07-16,33.94642857142857
2025-07-17,33.923701298701296
2025-07-18,34.11201298701299
2025-07-21,34.32305194805195
2025-07-22,34.634740259740255
2025-07-23,34.59415584415584
2025-07-24,34.53084415584416
2025-07-25,34.550324675324674
2025-07-28,34.577922077922075
2025-07-29,34.12662337662338
2025-07-30,33.76623376623377
2025-07-31,33.52597402597403
2025-08-01,32.68344155844156
2025-08-04,32.84090909090909
2025-08-05,32.771103896103895
2025-08-06,34.44805194805195
2025-08-07,35.548701298701296
2025-08-08,37.061688311688314
2025-08-11,36.75162337662337
2025-08-12,37.1525974025974
2025-08-13,37.75
2025-08-14,37.660714285714285
2025-08-15,37.46753246753247
2025-08-18,37.353896103896105
2025-08-19,37.300324675324674
2025-08-20,36.56168831168831
2025-08-21,36.381493506493506
2025-08-22,36.84577922077922
2025-08-25,36.74837662337662
2025-08-26,37.0974025974026
2025-08-27,37.288961038961034
2025-08-28,37.625
2025-08-29,37.55681818181818
2025-09-02,37.16396103896104
2025-09-03,38.58441558441559
2025-09-04,38.797077922077925
2025-09-05,38.782467532467535
2025-09-08,38.48863636363636
2025-09-09,37.91558441558441
2025-09-10,36.688311688311686
2025-09-11,37.214285714285715
2025-09-12,37.87012987012987
2025-09-15,38.29707792207792
2025-09-16,38.532467532467535
2025-09-17,38.66883116883117
2025-09-18,38.48863636363636
2025-09-19,39.72564935064935
2025-09-22,41.44318181818181
2025-09-23,41.175324675324674
2025-09-24,40.83116883116883
2025-09-25,41.57142857142857
2025-09-26,41.342532467532465
2025-09-29,41.175324675324674
2025-09-30,41.20779220779221
2025-10-01,34.413513513513514
2025-10-02,34.640540540540535
2025-10-03,34.76081081081081
2025-10-06,34.58108108108108
2025-10-07,34.5527027027027
2025-10-08,34.766216216216215
2025-10-09,34.22297297297297
2025-10-10,33.037837837837834
2025-10-13,33.36081081081081
2025-10-14,33.37567567567567
2025-10-15,33.58783783783784
2025-10-16,33.332432432432434
2025-10-17,33.986486486486484
2025-10-20,35.33108108108108
2025-10-21,35.402702702702705
2025-10-22,34.81891891891892
2025-10-23,34.97162162162162
2025-10-24,35.409459459459455
2025-10-27,36.21891891891892
2025-10-28,36.24459459459459
2025-10-29,36.33918918918919
2025-10-30,36.56891891891892
2025-10-31,36.42972972972973
2025-11-03,36.251351351351346
2025-11-04,36.38513513513514
2025-11-05,36.39864864864865
2025-11-06,36.34864864864865
2025-11-07,36.17297297297297
2025-11-10,36.33783783783783
2025-11-11,37.12432432432433
2025-11-12,36.883783783783784
2025-11-13,36.81351351351351
2025-11-14,36.740540540540536
2025-11-17,36.071621621621624
2025-11-18,36.06891891891892
2025-11-19,36.22027027027026
2025-11-20,35.90810810810811
2025-11-21,36.61621621621621
2025-11-24,37.214864864864865
2025-11-25,37.35675675675675
2025-11-26,37.435135135135134
2025-11-28,37.61081081081081
2025-12-01,38.185135135135134
2025-12-02,38.60270270270271
2025-12-03,38.32702702702703
2025-12-04,37.86081081081081
2025-12-05,37.60135135135135
2025-12-08,37.48108108108108
2025-12-09,37.38513513513513
2025-12-10,37.60135135135135
2025-12-11,37.5
2025-12-12,37.53378378378378
2025-12-15,36.97027027027027
2025-12-16,37.037837837837834
2025-12-17,36.663513513513514
2025-12-18,36.71081081081081
2025-12-19,36.91081081081081
2025-12-22,36.545945945945945
2025-12-23,36.73378378378378
2025-12-24,36.92972972972972
2025-12-26,36.87432432432432
2025-12-29,36.92297297297297
2025-12-30,36.83108108108108
2025-12-31,36.66621621621621
2026-01-02,36.55135135135135
2026-01-05,36.04459459459459
2026-01-06,35.38243243243243
2026-01-07,35.108108108108105
2026-01-08,34.93378378378378
2026-01-09,34.97837837837837
2026-01-12,35.0972972972973
2026-01-13,35.2054054054054
2026-01-14,35.05810810810811
2026-01-15,34.821621621621624
2026-01-16,34.45945945945946
2026-01-20,33.266216216216215
2026-01-21,33.394594594594594
2026-01-22,33.48918918918919
2026-01-23,33.4472972972973
2026-01-26,34.44324324324324
2026-01-27,34.82972972972973
2026-01-28,34.582432432432434
2026-01-29,34.83108108108108
2026-01-30,34.99324324324324
2026-02-02,36.41621621621622
2026-02-03,36.34459459459459
2026-02-04,37.291891891891886
2026-02-05,37.21351351351351
2026-02-06,37.512162162162156
2026-02-09,37.07432432432432
2026-02-10,36.9472972972973
2026-02-11,37.193243243243245
2026-02-12,35.33243243243243
2026-02-13,34.52837837837838
2026-02-17,35.622972972972974
2026-02-18,35.68648648648648
2026-02-19,35.17702702702702
2026-02-20,35.71756756756756
2026-02-23,35.93378378378379
2026-02-24,36.73918918918919
2026-02-25,37.02162162162162
2026-02-26,36.84864864864865
2026-02-27,35.663513513513514
2026-03-02,35.736486486486484
2026-03-03,35.605405405405406
2026-03-04,35.439189189189186
2026-03-05,35.137837837837836
2026-03-06,34.755405405405405
2026-03-09,35.082432432432434
2026-03-10,35.21081081081081
2026-03-11,35.20810810810811
2026-03-12,34.52567567567568
2026-03-13,33.76351351351351
2026-03-16,34.12837837837838
2026-03-17,34.31891891891892
2026-03-18,33.73918918918918
2026-03-19,33.60675675675675
2026-03-20,33.475675675675674
2026-03-23,33.94864864864865
2026-03-24,33.96891891891892
2026-03-25,34.10135135135135
2026-03-26,34.137837837837836
2026-03-27,33.58513513513513
2026-03-30,33.29189189189189
2026-03-31,34.25945945945946
2026-04-01,34.50810810810811
2026-04-02,34.5472972972973
2026-04-06,34.94459459459459
2026-04-07,34.22027027027027
2026-04-08,34.949999999999996
2026-04-09,35.16486486486487
2026-04-10,35.16351351351351
2026-04-13,34.99054054054054
2026-04-14,34.94054054054054
2026-04-15,35.96756756756757
2026-04-16,35.55810810810811
2026-04-17,36.48108108108108
2026-04-20,36.86216216216216
2026-04-21,35.93243243243243
2026-04-22,36.87837837837837
2026-04-23,36.913513513513514
2026-04-24,36.59324324324324
2026-04-27,36.12702702702702
2026-04-28,36.545945945945945
2026-04-29,36.47297297297297
2026-04-30,36.63243243243243
2026-05-01,37.82027027027027
2026-05-04,37.372972972972974
2026-05-05,38.366216216216216
2026-05-06,38.81621621621622
2026-05-07,38.806756756756755
2026-05-08,39.601351351351354
2026-05-11,39.55135135135135
2026-05-12,39.83783783783784
2026-05-13,40.387837837837836
2026-05-14,40.298648648648644
2026-05-15,40.571621621621624
2026-05-18,40.24864864864864
2026-05-19,40.40135135135135
2026-05-20,40.84459459459459
2026-05-21,41.214864864864865
2026-05-22,41.73243243243243
2026-05-26,41.66621621621621
2026-05-27,42.00675675675676
2026-05-28,42.23108108108108
2026-05-29,42.170270270270265
2026-06-01,41.39324324324324
2026-06-02,42.59459459459459
2026-06-03,41.92702702702702
2026-06-04,42.05810810810811
2026-06-05,41.53243243243243
2026-06-08,40.74864864864865
2026-06-09,39.263513513513516
2026-06-10,39.4027027027027
2026-06-11,39.949999999999996
2026-06-12,39.34189189189189
2026-06-15,40.056756756756755
2026-06-16,40.43783783783784
2026-06-17,39.99324324324324
2026-06-18,40.27162162162162
2026-06-22,40.13648648648648
2026-06-23,39.77027027027027
2026-06-24,39.6054054054054
2026-06-25,37.18243243243243
2026-06-26,38.34864864864864
2026-06-29,38.07297297297297
2026-06-30,39.1027027027027
2026-07-01,39.781081081081076
2026-07-02,41.706756756756754
2026-07-06,42.25135135135135
2026-07-07,41.98108108108108
2026-07-08,42.349999999999994
2026-07-09,42.73243243243243
2026-07-10,42.61081081081081
2026-07-13,42.879729729729725
2026-07-14,42.54864864864865
2026-07-15,44.25675675675676
2026-07-16,45.03513513513513
2026-07-17,45.1
2026-07-20,44.13378378378378
2026-07-21,44.28918918918919
2026-07-22,44.03918918918919
2026-07-23,43.46756756756757
2026-07-24,45.0027027027027
2026-07-27,45.52837837837838
2026-07-28,45.956756756756754
2026-07-29,45.70135135135135
2026-07-30,39.93173652694611
2026-07-31,36.99520958083833
2026-08-03,36.33772455089821
2026-08-04,37.051497005988026
2026-08-05,37.24550898203593
2026-08-06,37.41437125748504
2026-08-07,37.52455089820359
2026-08-10,36.91736526946108
2026-08-11,36.51616766467066
2026-08-12,36.19760479041916
2026-08-13,36.55808383233533
2026-08-14,36.638323353293416
2026-08-17,36.59760479041916
